[2025-05-03 10:17:41] production.ERROR: The /Users/alimadhoun/Desktop/GraduationProject/backend/bootstrap/cache directory must be present and writable. {"exception":"[object] (Exception(code: 0): The /Users/alimadhoun/Desktop/GraduationProject/backend/bootstrap/cache directory must be present and writable. at /Users/alimadhoun/Desktop/GraduationProject/backend/vendor/laravel/framework/src/Illuminate/Foundation/PackageManifest.php:179)
[stacktrace]
#0 /Users/alimadhoun/Desktop/GraduationProject/backend/vendor/laravel/framework/src/Illuminate/Foundation/PackageManifest.php(132): Illuminate\\Foundation\\PackageManifest->write(Array)
#1 /Users/alimadhoun/Desktop/GraduationProject/backend/vendor/laravel/framework/src/Illuminate/Foundation/PackageManifest.php(108): Illuminate\\Foundation\\PackageManifest->build()
#2 /Users/alimadhoun/Desktop/GraduationProject/backend/vendor/laravel/framework/src/Illuminate/Foundation/PackageManifest.php(90): Illuminate\\Foundation\\PackageManifest->getManifest()
#3 /Users/alimadhoun/Desktop/GraduationProject/backend/vendor/laravel/framework/src/Illuminate/Foundation/PackageManifest.php(79): Illuminate\\Foundation\\PackageManifest->config('aliases')
#4 /Users/alimadhoun/Desktop/GraduationProject/backend/vendor/laravel/framework/src/Illuminate/Foundation/Bootstrap/RegisterFacades.php(26): Illuminate\\Foundation\\PackageManifest->aliases()
#5 /Users/alimadhoun/Desktop/GraduationProject/backend/vendor/laravel/framework/src/Illuminate/Foundation/Application.php(341): Illuminate\\Foundation\\Bootstrap\\RegisterFacades->bootstrap(Object(Illuminate\\Foundation\\Application))
#6 /Users/alimadhoun/Desktop/GraduationProject/backend/vendor/laravel/framework/src/Illuminate/Foundation/Console/Kernel.php(473): Illuminate\\Foundation\\Application->bootstrapWith(Array)
#7 /Users/alimadhoun/Desktop/GraduationProject/backend/vendor/laravel/framework/src/Illuminate/Foundation/Console/Kernel.php(195): Illuminate\\Foundation\\Console\\Kernel->bootstrap()
#8 /Users/alimadhoun/Desktop/GraduationProject/backend/vendor/laravel/framework/src/Illuminate/Foundation/Application.php(1234): Illuminate\\Foundation\\Console\\Kernel->handle(Object(Symfony\\Component\\Console\\Input\\ArgvInput), Object(Symfony\\Component\\Console\\Output\\ConsoleOutput))
#9 /Users/alimadhoun/Desktop/GraduationProject/backend/artisan(16): Illuminate\\Foundation\\Application->handleCommand(Object(Symfony\\Component\\Console\\Input\\ArgvInput))
#10 {main}
"} 
[2025-05-03 10:20:57] local.ERROR: Please provide a valid cache path. {"exception":"[object] (InvalidArgumentException(code: 0): Please provide a valid cache path. at /Users/alimadhoun/Desktop/GraduationProject/backend/vendor/laravel/framework/src/Illuminate/View/Compilers/Compiler.php:66)
[stacktrace]
#0 /Users/alimadhoun/Desktop/GraduationProject/backend/vendor/laravel/framework/src/Illuminate/View/ViewServiceProvider.php(97): Illuminate\\View\\Compilers\\Compiler->__construct(Object(Illuminate\\Filesystem\\Filesystem), false, '', true, 'php')
#1 /Users/alimadhoun/Desktop/GraduationProject/backend/vendor/laravel/framework/src/Illuminate/Container/Container.php(1010): Illuminate\\View\\ViewServiceProvider->{closure:Illuminate\\View\\ViewServiceProvider::registerBladeCompiler():96}(Object(Illuminate\\Foundation\\Application), Array)
#2 /Users/alimadhoun/Desktop/GraduationProject/backend/vendor/laravel/framework/src/Illuminate/Container/Container.php(890): Illuminate\\Container\\Container->build(Object(Closure))
#3 /Users/alimadhoun/Desktop/GraduationProject/backend/vendor/laravel/framework/src/Illuminate/Foundation/Application.php(1077): Illuminate\\Container\\Container->resolve('blade.compiler', Array, true)
#4 /Users/alimadhoun/Desktop/GraduationProject/backend/vendor/laravel/framework/src/Illuminate/Container/Container.php(821): Illuminate\\Foundation\\Application->resolve('blade.compiler', Array)
#5 /Users/alimadhoun/Desktop/GraduationProject/backend/vendor/laravel/framework/src/Illuminate/Foundation/Application.php(1057): Illuminate\\Container\\Container->make('blade.compiler', Array)
#6 /Users/alimadhoun/Desktop/GraduationProject/backend/vendor/laravel/framework/src/Illuminate/View/ViewServiceProvider.php(168): Illuminate\\Foundation\\Application->make('blade.compiler')
#7 [internal function]: Illuminate\\View\\ViewServiceProvider->{closure:Illuminate\\View\\ViewServiceProvider::registerBladeEngine():164}()
#8 /Users/alimadhoun/Desktop/GraduationProject/backend/vendor/laravel/framework/src/Illuminate/View/Engines/EngineResolver.php(55): call_user_func(Object(Closure))
#9 /Users/alimadhoun/Desktop/GraduationProject/backend/vendor/laravel/framework/src/Illuminate/View/Factory.php(325): Illuminate\\View\\Engines\\EngineResolver->resolve('blade')
#10 /Users/alimadhoun/Desktop/GraduationProject/backend/vendor/laravel/framework/src/Illuminate/View/Factory.php(287): Illuminate\\View\\Factory->getEngineFromPath('/Users/alimadho...')
#11 /Users/alimadhoun/Desktop/GraduationProject/backend/vendor/laravel/framework/src/Illuminate/View/Factory.php(159): Illuminate\\View\\Factory->viewInstance('errors::403', '/Users/alimadho...', Array)
#12 /Users/alimadhoun/Desktop/GraduationProject/backend/vendor/laravel/framework/src/Illuminate/Routing/ResponseFactory.php(90): Illuminate\\View\\Factory->make('errors::403', Array)
#13 /Users/alimadhoun/Desktop/GraduationProject/backend/vendor/laravel/framework/src/Illuminate/Foundation/Exceptions/Handler.php(897): Illuminate\\Routing\\ResponseFactory->view('errors::403', Array, 403, Array)
#14 /Users/alimadhoun/Desktop/GraduationProject/backend/vendor/laravel/framework/src/Illuminate/Foundation/Exceptions/Handler.php(818): Illuminate\\Foundation\\Exceptions\\Handler->renderHttpException(Object(Symfony\\Component\\HttpKernel\\Exception\\HttpException))
#15 /Users/alimadhoun/Desktop/GraduationProject/backend/vendor/laravel/framework/src/Illuminate/Foundation/Exceptions/Handler.php(709): Illuminate\\Foundation\\Exceptions\\Handler->prepareResponse(Object(Illuminate\\Http\\Request), Object(Symfony\\Component\\HttpKernel\\Exception\\HttpException))
#16 /Users/alimadhoun/Desktop/GraduationProject/backend/vendor/laravel/framework/src/Illuminate/Foundation/Exceptions/Handler.php(597): Illuminate\\Foundation\\Exceptions\\Handler->renderExceptionResponse(Object(Illuminate\\Http\\Request), Object(Symfony\\Component\\HttpKernel\\Exception\\HttpException))
#17 /Users/alimadhoun/Desktop/GraduationProject/backend/vendor/laravel/framework/src/Illuminate/Routing/Pipeline.php(51): Illuminate\\Foundation\\Exceptions\\Handler->render(Object(Illuminate\\Http\\Request), Object(Symfony\\Component\\HttpKernel\\Exception\\HttpException))
#18 /Users/alimadhoun/Desktop/GraduationProject/backend/vendor/laravel/framework/src/Illuminate/Pipeline/Pipeline.php(171): Illuminate\\Routing\\Pipeline->handleException(Object(Illuminate\\Http\\Request), Object(Symfony\\Component\\HttpKernel\\Exception\\HttpException))
#19 /Users/alimadhoun/Desktop/GraduationProject/backend/vendor/laravel/framework/src/Illuminate/Pipeline/Pipeline.php(126): Illuminate\\Pipeline\\Pipeline->{closure:Illuminate\\Pipeline\\Pipeline::prepareDestination():167}(Object(Illuminate\\Http\\Request))
#20 /Users/alimadhoun/Desktop/GraduationProject/backend/vendor/laravel/framework/src/Illuminate/Routing/Router.php(807): Illuminate\\Pipeline\\Pipeline->then(Object(Closure))
#21 /Users/alimadhoun/Desktop/GraduationProject/backend/vendor/laravel/framework/src/Illuminate/Routing/Router.php(786): Illuminate\\Routing\\Router->runRouteWithinStack(Object(Illuminate\\Routing\\Route), Object(Illuminate\\Http\\Request))
#22 /Users/alimadhoun/Desktop/GraduationProject/backend/vendor/laravel/framework/src/Illuminate/Routing/Router.php(750): Illuminate\\Routing\\Router->runRoute(Object(Illuminate\\Http\\Request), Object(Illuminate\\Routing\\Route))
#23 /Users/alimadhoun/Desktop/GraduationProject/backend/vendor/laravel/framework/src/Illuminate/Routing/Router.php(739): Illuminate\\Routing\\Router->dispatchToRoute(Object(Illuminate\\Http\\Request))
#24 /Users/alimadhoun/Desktop/GraduationProject/backend/vendor/laravel/framework/src/Illuminate/Foundation/Http/Kernel.php(200): Illuminate\\Routing\\Router->dispatch(Object(Illuminate\\Http\\Request))
#25 /Users/alimadhoun/Desktop/GraduationProject/backend/vendor/laravel/framework/src/Illuminate/Pipeline/Pipeline.php(169): Illuminate\\Foundation\\Http\\Kernel->{closure:Illuminate\\Foundation\\Http\\Kernel::dispatchToRouter():197}(Object(Illuminate\\Http\\Request))
#26 /Users/alimadhoun/Desktop/GraduationProject/backend/vendor/laravel/framework/src/Illuminate/Foundation/Http/Middleware/TransformsRequest.php(21): Illuminate\\Pipeline\\Pipeline->{closure:Illuminate\\Pipeline\\Pipeline::prepareDestination():167}(Object(Illuminate\\Http\\Request))
#27 /Users/alimadhoun/Desktop/GraduationProject/backend/vendor/laravel/framework/src/Illuminate/Foundation/Http/Middleware/ConvertEmptyStringsToNull.php(31): Illuminate\\Foundation\\Http\\Middleware\\TransformsRequest->handle(Object(Illuminate\\Http\\Request), Object(Closure))
#28 /Users/alimadhoun/Desktop/GraduationProject/backend/vendor/laravel/framework/src/Illuminate/Pipeline/Pipeline.php(208): Illuminate\\Foundation\\Http\\Middleware\\ConvertEmptyStringsToNull->handle(Object(Illuminate\\Http\\Request), Object(Closure))
#29 /Users/alimadhoun/Desktop/GraduationProject/backend/vendor/laravel/framework/src/Illuminate/Foundation/Http/Middleware/TransformsRequest.php(21): Illuminate\\Pipeline\\Pipeline->{closure:{closure:Illuminate\\Pipeline\\Pipeline::carry():183}:184}(Object(Illuminate\\Http\\Request))
#30 /Users/alimadhoun/Desktop/GraduationProject/backend/vendor/laravel/framework/src/Illuminate/Foundation/Http/Middleware/TrimStrings.php(51): Illuminate\\Foundation\\Http\\Middleware\\TransformsRequest->handle(Object(Illuminate\\Http\\Request), Object(Closure))
#31 /Users/alimadhoun/Desktop/GraduationProject/backend/vendor/laravel/framework/src/Illuminate/Pipeline/Pipeline.php(208): Illuminate\\Foundation\\Http\\Middleware\\TrimStrings->handle(Object(Illuminate\\Http\\Request), Object(Closure))
#32 /Users/alimadhoun/Desktop/GraduationProject/backend/vendor/laravel/framework/src/Illuminate/Http/Middleware/ValidatePostSize.php(27): Illuminate\\Pipeline\\Pipeline->{closure:{closure:Illuminate\\Pipeline\\Pipeline::carry():183}:184}(Object(Illuminate\\Http\\Request))
#33 /Users/alimadhoun/Desktop/GraduationProject/backend/vendor/laravel/framework/src/Illuminate/Pipeline/Pipeline.php(208): Illuminate\\Http\\Middleware\\ValidatePostSize->handle(Object(Illuminate\\Http\\Request), Object(Closure))
#34 /Users/alimadhoun/Desktop/GraduationProject/backend/vendor/laravel/framework/src/Illuminate/Foundation/Http/Middleware/PreventRequestsDuringMaintenance.php(109): Illuminate\\Pipeline\\Pipeline->{closure:{closure:Illuminate\\Pipeline\\Pipeline::carry():183}:184}(Object(Illuminate\\Http\\Request))
#35 /Users/alimadhoun/Desktop/GraduationProject/backend/vendor/laravel/framework/src/Illuminate/Pipeline/Pipeline.php(208): Illuminate\\Foundation\\Http\\Middleware\\PreventRequestsDuringMaintenance->handle(Object(Illuminate\\Http\\Request), Object(Closure))
#36 /Users/alimadhoun/Desktop/GraduationProject/backend/vendor/laravel/framework/src/Illuminate/Http/Middleware/HandleCors.php(48): Illuminate\\Pipeline\\Pipeline->{closure:{closure:Illuminate\\Pipeline\\Pipeline::carry():183}:184}(Object(Illuminate\\Http\\Request))
#37 /Users/alimadhoun/Desktop/GraduationProject/backend/vendor/laravel/framework/src/Illuminate/Pipeline/Pipeline.php(208): Illuminate\\Http\\Middleware\\HandleCors->handle(Object(Illuminate\\Http\\Request), Object(Closure))
#38 /Users/alimadhoun/Desktop/GraduationProject/backend/vendor/laravel/framework/src/Illuminate/Http/Middleware/TrustProxies.php(58): Illuminate\\Pipeline\\Pipeline->{closure:{closure:Illuminate\\Pipeline\\Pipeline::carry():183}:184}(Object(Illuminate\\Http\\Request))
#39 /Users/alimadhoun/Desktop/GraduationProject/backend/vendor/laravel/framework/src/Illuminate/Pipeline/Pipeline.php(208): Illuminate\\Http\\Middleware\\TrustProxies->handle(Object(Illuminate\\Http\\Request), Object(Closure))
#40 /Users/alimadhoun/Desktop/GraduationProject/backend/vendor/laravel/framework/src/Illuminate/Foundation/Http/Middleware/InvokeDeferredCallbacks.php(22): Illuminate\\Pipeline\\Pipeline->{closure:{closure:Illuminate\\Pipeline\\Pipeline::carry():183}:184}(Object(Illuminate\\Http\\Request))
#41 /Users/alimadhoun/Desktop/GraduationProject/backend/vendor/laravel/framework/src/Illuminate/Pipeline/Pipeline.php(208): Illuminate\\Foundation\\Http\\Middleware\\InvokeDeferredCallbacks->handle(Object(Illuminate\\Http\\Request), Object(Closure))
#42 /Users/alimadhoun/Desktop/GraduationProject/backend/vendor/laravel/framework/src/Illuminate/Http/Middleware/ValidatePathEncoding.php(26): Illuminate\\Pipeline\\Pipeline->{closure:{closure:Illuminate\\Pipeline\\Pipeline::carry():183}:184}(Object(Illuminate\\Http\\Request))
#43 /Users/alimadhoun/Desktop/GraduationProject/backend/vendor/laravel/framework/src/Illuminate/Pipeline/Pipeline.php(208): Illuminate\\Http\\Middleware\\ValidatePathEncoding->handle(Object(Illuminate\\Http\\Request), Object(Closure))
#44 /Users/alimadhoun/Desktop/GraduationProject/backend/vendor/laravel/framework/src/Illuminate/Pipeline/Pipeline.php(126): Illuminate\\Pipeline\\Pipeline->{closure:{closure:Illuminate\\Pipeline\\Pipeline::carry():183}:184}(Object(Illuminate\\Http\\Request))
#45 /Users/alimadhoun/Desktop/GraduationProject/backend/vendor/laravel/framework/src/Illuminate/Foundation/Http/Kernel.php(175): Illuminate\\Pipeline\\Pipeline->then(Object(Closure))
#46 /Users/alimadhoun/Desktop/GraduationProject/backend/vendor/laravel/framework/src/Illuminate/Foundation/Http/Kernel.php(144): Illuminate\\Foundation\\Http\\Kernel->sendRequestThroughRouter(Object(Illuminate\\Http\\Request))
#47 /Users/alimadhoun/Desktop/GraduationProject/backend/vendor/laravel/framework/src/Illuminate/Foundation/Application.php(1219): Illuminate\\Foundation\\Http\\Kernel->handle(Object(Illuminate\\Http\\Request))
#48 /Users/alimadhoun/Desktop/GraduationProject/backend/public/index.php(20): Illuminate\\Foundation\\Application->handleRequest(Object(Illuminate\\Http\\Request))
#49 /Users/alimadhoun/Desktop/GraduationProject/backend/vendor/laravel/framework/src/Illuminate/Foundation/resources/server.php(23): require_once('/Users/alimadho...')
#50 {main}
"} 
[2025-05-03 10:21:03] local.ERROR: Please provide a valid cache path. {"exception":"[object] (InvalidArgumentException(code: 0): Please provide a valid cache path. at /Users/alimadhoun/Desktop/GraduationProject/backend/vendor/laravel/framework/src/Illuminate/View/Compilers/Compiler.php:66)
[stacktrace]
#0 /Users/alimadhoun/Desktop/GraduationProject/backend/vendor/laravel/framework/src/Illuminate/View/ViewServiceProvider.php(97): Illuminate\\View\\Compilers\\Compiler->__construct(Object(Illuminate\\Filesystem\\Filesystem), false, '', true, 'php')
#1 /Users/alimadhoun/Desktop/GraduationProject/backend/vendor/laravel/framework/src/Illuminate/Container/Container.php(1010): Illuminate\\View\\ViewServiceProvider->{closure:Illuminate\\View\\ViewServiceProvider::registerBladeCompiler():96}(Object(Illuminate\\Foundation\\Application), Array)
#2 /Users/alimadhoun/Desktop/GraduationProject/backend/vendor/laravel/framework/src/Illuminate/Container/Container.php(890): Illuminate\\Container\\Container->build(Object(Closure))
#3 /Users/alimadhoun/Desktop/GraduationProject/backend/vendor/laravel/framework/src/Illuminate/Foundation/Application.php(1077): Illuminate\\Container\\Container->resolve('blade.compiler', Array, true)
#4 /Users/alimadhoun/Desktop/GraduationProject/backend/vendor/laravel/framework/src/Illuminate/Container/Container.php(821): Illuminate\\Foundation\\Application->resolve('blade.compiler', Array)
#5 /Users/alimadhoun/Desktop/GraduationProject/backend/vendor/laravel/framework/src/Illuminate/Foundation/Application.php(1057): Illuminate\\Container\\Container->make('blade.compiler', Array)
#6 /Users/alimadhoun/Desktop/GraduationProject/backend/vendor/laravel/framework/src/Illuminate/View/ViewServiceProvider.php(168): Illuminate\\Foundation\\Application->make('blade.compiler')
#7 [internal function]: Illuminate\\View\\ViewServiceProvider->{closure:Illuminate\\View\\ViewServiceProvider::registerBladeEngine():164}()
#8 /Users/alimadhoun/Desktop/GraduationProject/backend/vendor/laravel/framework/src/Illuminate/View/Engines/EngineResolver.php(55): call_user_func(Object(Closure))
#9 /Users/alimadhoun/Desktop/GraduationProject/backend/vendor/laravel/framework/src/Illuminate/View/Factory.php(325): Illuminate\\View\\Engines\\EngineResolver->resolve('blade')
#10 /Users/alimadhoun/Desktop/GraduationProject/backend/vendor/laravel/framework/src/Illuminate/View/Factory.php(287): Illuminate\\View\\Factory->getEngineFromPath('/Users/alimadho...')
#11 /Users/alimadhoun/Desktop/GraduationProject/backend/vendor/laravel/framework/src/Illuminate/View/Factory.php(159): Illuminate\\View\\Factory->viewInstance('errors::403', '/Users/alimadho...', Array)
#12 /Users/alimadhoun/Desktop/GraduationProject/backend/vendor/laravel/framework/src/Illuminate/Routing/ResponseFactory.php(90): Illuminate\\View\\Factory->make('errors::403', Array)
#13 /Users/alimadhoun/Desktop/GraduationProject/backend/vendor/laravel/framework/src/Illuminate/Foundation/Exceptions/Handler.php(897): Illuminate\\Routing\\ResponseFactory->view('errors::403', Array, 403, Array)
#14 /Users/alimadhoun/Desktop/GraduationProject/backend/vendor/laravel/framework/src/Illuminate/Foundation/Exceptions/Handler.php(818): Illuminate\\Foundation\\Exceptions\\Handler->renderHttpException(Object(Symfony\\Component\\HttpKernel\\Exception\\HttpException))
#15 /Users/alimadhoun/Desktop/GraduationProject/backend/vendor/laravel/framework/src/Illuminate/Foundation/Exceptions/Handler.php(709): Illuminate\\Foundation\\Exceptions\\Handler->prepareResponse(Object(Illuminate\\Http\\Request), Object(Symfony\\Component\\HttpKernel\\Exception\\HttpException))
#16 /Users/alimadhoun/Desktop/GraduationProject/backend/vendor/laravel/framework/src/Illuminate/Foundation/Exceptions/Handler.php(597): Illuminate\\Foundation\\Exceptions\\Handler->renderExceptionResponse(Object(Illuminate\\Http\\Request), Object(Symfony\\Component\\HttpKernel\\Exception\\HttpException))
#17 /Users/alimadhoun/Desktop/GraduationProject/backend/vendor/laravel/framework/src/Illuminate/Routing/Pipeline.php(51): Illuminate\\Foundation\\Exceptions\\Handler->render(Object(Illuminate\\Http\\Request), Object(Symfony\\Component\\HttpKernel\\Exception\\HttpException))
#18 /Users/alimadhoun/Desktop/GraduationProject/backend/vendor/laravel/framework/src/Illuminate/Pipeline/Pipeline.php(171): Illuminate\\Routing\\Pipeline->handleException(Object(Illuminate\\Http\\Request), Object(Symfony\\Component\\HttpKernel\\Exception\\HttpException))
#19 /Users/alimadhoun/Desktop/GraduationProject/backend/vendor/laravel/framework/src/Illuminate/Pipeline/Pipeline.php(126): Illuminate\\Pipeline\\Pipeline->{closure:Illuminate\\Pipeline\\Pipeline::prepareDestination():167}(Object(Illuminate\\Http\\Request))
#20 /Users/alimadhoun/Desktop/GraduationProject/backend/vendor/laravel/framework/src/Illuminate/Routing/Router.php(807): Illuminate\\Pipeline\\Pipeline->then(Object(Closure))
#21 /Users/alimadhoun/Desktop/GraduationProject/backend/vendor/laravel/framework/src/Illuminate/Routing/Router.php(786): Illuminate\\Routing\\Router->runRouteWithinStack(Object(Illuminate\\Routing\\Route), Object(Illuminate\\Http\\Request))
#22 /Users/alimadhoun/Desktop/GraduationProject/backend/vendor/laravel/framework/src/Illuminate/Routing/Router.php(750): Illuminate\\Routing\\Router->runRoute(Object(Illuminate\\Http\\Request), Object(Illuminate\\Routing\\Route))
#23 /Users/alimadhoun/Desktop/GraduationProject/backend/vendor/laravel/framework/src/Illuminate/Routing/Router.php(739): Illuminate\\Routing\\Router->dispatchToRoute(Object(Illuminate\\Http\\Request))
#24 /Users/alimadhoun/Desktop/GraduationProject/backend/vendor/laravel/framework/src/Illuminate/Foundation/Http/Kernel.php(200): Illuminate\\Routing\\Router->dispatch(Object(Illuminate\\Http\\Request))
#25 /Users/alimadhoun/Desktop/GraduationProject/backend/vendor/laravel/framework/src/Illuminate/Pipeline/Pipeline.php(169): Illuminate\\Foundation\\Http\\Kernel->{closure:Illuminate\\Foundation\\Http\\Kernel::dispatchToRouter():197}(Object(Illuminate\\Http\\Request))
#26 /Users/alimadhoun/Desktop/GraduationProject/backend/vendor/laravel/framework/src/Illuminate/Foundation/Http/Middleware/TransformsRequest.php(21): Illuminate\\Pipeline\\Pipeline->{closure:Illuminate\\Pipeline\\Pipeline::prepareDestination():167}(Object(Illuminate\\Http\\Request))
#27 /Users/alimadhoun/Desktop/GraduationProject/backend/vendor/laravel/framework/src/Illuminate/Foundation/Http/Middleware/ConvertEmptyStringsToNull.php(31): Illuminate\\Foundation\\Http\\Middleware\\TransformsRequest->handle(Object(Illuminate\\Http\\Request), Object(Closure))
#28 /Users/alimadhoun/Desktop/GraduationProject/backend/vendor/laravel/framework/src/Illuminate/Pipeline/Pipeline.php(208): Illuminate\\Foundation\\Http\\Middleware\\ConvertEmptyStringsToNull->handle(Object(Illuminate\\Http\\Request), Object(Closure))
#29 /Users/alimadhoun/Desktop/GraduationProject/backend/vendor/laravel/framework/src/Illuminate/Foundation/Http/Middleware/TransformsRequest.php(21): Illuminate\\Pipeline\\Pipeline->{closure:{closure:Illuminate\\Pipeline\\Pipeline::carry():183}:184}(Object(Illuminate\\Http\\Request))
#30 /Users/alimadhoun/Desktop/GraduationProject/backend/vendor/laravel/framework/src/Illuminate/Foundation/Http/Middleware/TrimStrings.php(51): Illuminate\\Foundation\\Http\\Middleware\\TransformsRequest->handle(Object(Illuminate\\Http\\Request), Object(Closure))
#31 /Users/alimadhoun/Desktop/GraduationProject/backend/vendor/laravel/framework/src/Illuminate/Pipeline/Pipeline.php(208): Illuminate\\Foundation\\Http\\Middleware\\TrimStrings->handle(Object(Illuminate\\Http\\Request), Object(Closure))
#32 /Users/alimadhoun/Desktop/GraduationProject/backend/vendor/laravel/framework/src/Illuminate/Http/Middleware/ValidatePostSize.php(27): Illuminate\\Pipeline\\Pipeline->{closure:{closure:Illuminate\\Pipeline\\Pipeline::carry():183}:184}(Object(Illuminate\\Http\\Request))
#33 /Users/alimadhoun/Desktop/GraduationProject/backend/vendor/laravel/framework/src/Illuminate/Pipeline/Pipeline.php(208): Illuminate\\Http\\Middleware\\ValidatePostSize->handle(Object(Illuminate\\Http\\Request), Object(Closure))
#34 /Users/alimadhoun/Desktop/GraduationProject/backend/vendor/laravel/framework/src/Illuminate/Foundation/Http/Middleware/PreventRequestsDuringMaintenance.php(109): Illuminate\\Pipeline\\Pipeline->{closure:{closure:Illuminate\\Pipeline\\Pipeline::carry():183}:184}(Object(Illuminate\\Http\\Request))
#35 /Users/alimadhoun/Desktop/GraduationProject/backend/vendor/laravel/framework/src/Illuminate/Pipeline/Pipeline.php(208): Illuminate\\Foundation\\Http\\Middleware\\PreventRequestsDuringMaintenance->handle(Object(Illuminate\\Http\\Request), Object(Closure))
#36 /Users/alimadhoun/Desktop/GraduationProject/backend/vendor/laravel/framework/src/Illuminate/Http/Middleware/HandleCors.php(48): Illuminate\\Pipeline\\Pipeline->{closure:{closure:Illuminate\\Pipeline\\Pipeline::carry():183}:184}(Object(Illuminate\\Http\\Request))
#37 /Users/alimadhoun/Desktop/GraduationProject/backend/vendor/laravel/framework/src/Illuminate/Pipeline/Pipeline.php(208): Illuminate\\Http\\Middleware\\HandleCors->handle(Object(Illuminate\\Http\\Request), Object(Closure))
#38 /Users/alimadhoun/Desktop/GraduationProject/backend/vendor/laravel/framework/src/Illuminate/Http/Middleware/TrustProxies.php(58): Illuminate\\Pipeline\\Pipeline->{closure:{closure:Illuminate\\Pipeline\\Pipeline::carry():183}:184}(Object(Illuminate\\Http\\Request))
#39 /Users/alimadhoun/Desktop/GraduationProject/backend/vendor/laravel/framework/src/Illuminate/Pipeline/Pipeline.php(208): Illuminate\\Http\\Middleware\\TrustProxies->handle(Object(Illuminate\\Http\\Request), Object(Closure))
#40 /Users/alimadhoun/Desktop/GraduationProject/backend/vendor/laravel/framework/src/Illuminate/Foundation/Http/Middleware/InvokeDeferredCallbacks.php(22): Illuminate\\Pipeline\\Pipeline->{closure:{closure:Illuminate\\Pipeline\\Pipeline::carry():183}:184}(Object(Illuminate\\Http\\Request))
#41 /Users/alimadhoun/Desktop/GraduationProject/backend/vendor/laravel/framework/src/Illuminate/Pipeline/Pipeline.php(208): Illuminate\\Foundation\\Http\\Middleware\\InvokeDeferredCallbacks->handle(Object(Illuminate\\Http\\Request), Object(Closure))
#42 /Users/alimadhoun/Desktop/GraduationProject/backend/vendor/laravel/framework/src/Illuminate/Http/Middleware/ValidatePathEncoding.php(26): Illuminate\\Pipeline\\Pipeline->{closure:{closure:Illuminate\\Pipeline\\Pipeline::carry():183}:184}(Object(Illuminate\\Http\\Request))
#43 /Users/alimadhoun/Desktop/GraduationProject/backend/vendor/laravel/framework/src/Illuminate/Pipeline/Pipeline.php(208): Illuminate\\Http\\Middleware\\ValidatePathEncoding->handle(Object(Illuminate\\Http\\Request), Object(Closure))
#44 /Users/alimadhoun/Desktop/GraduationProject/backend/vendor/laravel/framework/src/Illuminate/Pipeline/Pipeline.php(126): Illuminate\\Pipeline\\Pipeline->{closure:{closure:Illuminate\\Pipeline\\Pipeline::carry():183}:184}(Object(Illuminate\\Http\\Request))
#45 /Users/alimadhoun/Desktop/GraduationProject/backend/vendor/laravel/framework/src/Illuminate/Foundation/Http/Kernel.php(175): Illuminate\\Pipeline\\Pipeline->then(Object(Closure))
#46 /Users/alimadhoun/Desktop/GraduationProject/backend/vendor/laravel/framework/src/Illuminate/Foundation/Http/Kernel.php(144): Illuminate\\Foundation\\Http\\Kernel->sendRequestThroughRouter(Object(Illuminate\\Http\\Request))
#47 /Users/alimadhoun/Desktop/GraduationProject/backend/vendor/laravel/framework/src/Illuminate/Foundation/Application.php(1219): Illuminate\\Foundation\\Http\\Kernel->handle(Object(Illuminate\\Http\\Request))
#48 /Users/alimadhoun/Desktop/GraduationProject/backend/public/index.php(20): Illuminate\\Foundation\\Application->handleRequest(Object(Illuminate\\Http\\Request))
#49 /Users/alimadhoun/Desktop/GraduationProject/backend/vendor/laravel/framework/src/Illuminate/Foundation/resources/server.php(23): require_once('/Users/alimadho...')
#50 {main}
"} 
[2025-05-03 10:21:03] local.ERROR: Please provide a valid cache path. {"exception":"[object] (InvalidArgumentException(code: 0): Please provide a valid cache path. at /Users/alimadhoun/Desktop/GraduationProject/backend/vendor/laravel/framework/src/Illuminate/View/Compilers/Compiler.php:66)
[stacktrace]
#0 /Users/alimadhoun/Desktop/GraduationProject/backend/vendor/laravel/framework/src/Illuminate/View/ViewServiceProvider.php(97): Illuminate\\View\\Compilers\\Compiler->__construct(Object(Illuminate\\Filesystem\\Filesystem), false, '', true, 'php')
#1 /Users/alimadhoun/Desktop/GraduationProject/backend/vendor/laravel/framework/src/Illuminate/Container/Container.php(1010): Illuminate\\View\\ViewServiceProvider->{closure:Illuminate\\View\\ViewServiceProvider::registerBladeCompiler():96}(Object(Illuminate\\Foundation\\Application), Array)
#2 /Users/alimadhoun/Desktop/GraduationProject/backend/vendor/laravel/framework/src/Illuminate/Container/Container.php(890): Illuminate\\Container\\Container->build(Object(Closure))
#3 /Users/alimadhoun/Desktop/GraduationProject/backend/vendor/laravel/framework/src/Illuminate/Foundation/Application.php(1077): Illuminate\\Container\\Container->resolve('blade.compiler', Array, true)
#4 /Users/alimadhoun/Desktop/GraduationProject/backend/vendor/laravel/framework/src/Illuminate/Container/Container.php(821): Illuminate\\Foundation\\Application->resolve('blade.compiler', Array)
#5 /Users/alimadhoun/Desktop/GraduationProject/backend/vendor/laravel/framework/src/Illuminate/Foundation/Application.php(1057): Illuminate\\Container\\Container->make('blade.compiler', Array)
#6 /Users/alimadhoun/Desktop/GraduationProject/backend/vendor/laravel/framework/src/Illuminate/View/ViewServiceProvider.php(168): Illuminate\\Foundation\\Application->make('blade.compiler')
#7 [internal function]: Illuminate\\View\\ViewServiceProvider->{closure:Illuminate\\View\\ViewServiceProvider::registerBladeEngine():164}()
#8 /Users/alimadhoun/Desktop/GraduationProject/backend/vendor/laravel/framework/src/Illuminate/View/Engines/EngineResolver.php(55): call_user_func(Object(Closure))
#9 /Users/alimadhoun/Desktop/GraduationProject/backend/vendor/laravel/framework/src/Illuminate/View/Factory.php(325): Illuminate\\View\\Engines\\EngineResolver->resolve('blade')
#10 /Users/alimadhoun/Desktop/GraduationProject/backend/vendor/laravel/framework/src/Illuminate/View/Factory.php(287): Illuminate\\View\\Factory->getEngineFromPath('/Users/alimadho...')
#11 /Users/alimadhoun/Desktop/GraduationProject/backend/vendor/laravel/framework/src/Illuminate/View/Factory.php(159): Illuminate\\View\\Factory->viewInstance('errors::403', '/Users/alimadho...', Array)
#12 /Users/alimadhoun/Desktop/GraduationProject/backend/vendor/laravel/framework/src/Illuminate/Routing/ResponseFactory.php(90): Illuminate\\View\\Factory->make('errors::403', Array)
#13 /Users/alimadhoun/Desktop/GraduationProject/backend/vendor/laravel/framework/src/Illuminate/Foundation/Exceptions/Handler.php(897): Illuminate\\Routing\\ResponseFactory->view('errors::403', Array, 403, Array)
#14 /Users/alimadhoun/Desktop/GraduationProject/backend/vendor/laravel/framework/src/Illuminate/Foundation/Exceptions/Handler.php(818): Illuminate\\Foundation\\Exceptions\\Handler->renderHttpException(Object(Symfony\\Component\\HttpKernel\\Exception\\HttpException))
#15 /Users/alimadhoun/Desktop/GraduationProject/backend/vendor/laravel/framework/src/Illuminate/Foundation/Exceptions/Handler.php(709): Illuminate\\Foundation\\Exceptions\\Handler->prepareResponse(Object(Illuminate\\Http\\Request), Object(Symfony\\Component\\HttpKernel\\Exception\\HttpException))
#16 /Users/alimadhoun/Desktop/GraduationProject/backend/vendor/laravel/framework/src/Illuminate/Foundation/Exceptions/Handler.php(597): Illuminate\\Foundation\\Exceptions\\Handler->renderExceptionResponse(Object(Illuminate\\Http\\Request), Object(Symfony\\Component\\HttpKernel\\Exception\\HttpException))
#17 /Users/alimadhoun/Desktop/GraduationProject/backend/vendor/laravel/framework/src/Illuminate/Routing/Pipeline.php(51): Illuminate\\Foundation\\Exceptions\\Handler->render(Object(Illuminate\\Http\\Request), Object(Symfony\\Component\\HttpKernel\\Exception\\HttpException))
#18 /Users/alimadhoun/Desktop/GraduationProject/backend/vendor/laravel/framework/src/Illuminate/Pipeline/Pipeline.php(171): Illuminate\\Routing\\Pipeline->handleException(Object(Illuminate\\Http\\Request), Object(Symfony\\Component\\HttpKernel\\Exception\\HttpException))
#19 /Users/alimadhoun/Desktop/GraduationProject/backend/vendor/laravel/framework/src/Illuminate/Pipeline/Pipeline.php(126): Illuminate\\Pipeline\\Pipeline->{closure:Illuminate\\Pipeline\\Pipeline::prepareDestination():167}(Object(Illuminate\\Http\\Request))
#20 /Users/alimadhoun/Desktop/GraduationProject/backend/vendor/laravel/framework/src/Illuminate/Routing/Router.php(807): Illuminate\\Pipeline\\Pipeline->then(Object(Closure))
#21 /Users/alimadhoun/Desktop/GraduationProject/backend/vendor/laravel/framework/src/Illuminate/Routing/Router.php(786): Illuminate\\Routing\\Router->runRouteWithinStack(Object(Illuminate\\Routing\\Route), Object(Illuminate\\Http\\Request))
#22 /Users/alimadhoun/Desktop/GraduationProject/backend/vendor/laravel/framework/src/Illuminate/Routing/Router.php(750): Illuminate\\Routing\\Router->runRoute(Object(Illuminate\\Http\\Request), Object(Illuminate\\Routing\\Route))
#23 /Users/alimadhoun/Desktop/GraduationProject/backend/vendor/laravel/framework/src/Illuminate/Routing/Router.php(739): Illuminate\\Routing\\Router->dispatchToRoute(Object(Illuminate\\Http\\Request))
#24 /Users/alimadhoun/Desktop/GraduationProject/backend/vendor/laravel/framework/src/Illuminate/Foundation/Http/Kernel.php(200): Illuminate\\Routing\\Router->dispatch(Object(Illuminate\\Http\\Request))
#25 /Users/alimadhoun/Desktop/GraduationProject/backend/vendor/laravel/framework/src/Illuminate/Pipeline/Pipeline.php(169): Illuminate\\Foundation\\Http\\Kernel->{closure:Illuminate\\Foundation\\Http\\Kernel::dispatchToRouter():197}(Object(Illuminate\\Http\\Request))
#26 /Users/alimadhoun/Desktop/GraduationProject/backend/vendor/laravel/framework/src/Illuminate/Foundation/Http/Middleware/TransformsRequest.php(21): Illuminate\\Pipeline\\Pipeline->{closure:Illuminate\\Pipeline\\Pipeline::prepareDestination():167}(Object(Illuminate\\Http\\Request))
#27 /Users/alimadhoun/Desktop/GraduationProject/backend/vendor/laravel/framework/src/Illuminate/Foundation/Http/Middleware/ConvertEmptyStringsToNull.php(31): Illuminate\\Foundation\\Http\\Middleware\\TransformsRequest->handle(Object(Illuminate\\Http\\Request), Object(Closure))
#28 /Users/alimadhoun/Desktop/GraduationProject/backend/vendor/laravel/framework/src/Illuminate/Pipeline/Pipeline.php(208): Illuminate\\Foundation\\Http\\Middleware\\ConvertEmptyStringsToNull->handle(Object(Illuminate\\Http\\Request), Object(Closure))
#29 /Users/alimadhoun/Desktop/GraduationProject/backend/vendor/laravel/framework/src/Illuminate/Foundation/Http/Middleware/TransformsRequest.php(21): Illuminate\\Pipeline\\Pipeline->{closure:{closure:Illuminate\\Pipeline\\Pipeline::carry():183}:184}(Object(Illuminate\\Http\\Request))
#30 /Users/alimadhoun/Desktop/GraduationProject/backend/vendor/laravel/framework/src/Illuminate/Foundation/Http/Middleware/TrimStrings.php(51): Illuminate\\Foundation\\Http\\Middleware\\TransformsRequest->handle(Object(Illuminate\\Http\\Request), Object(Closure))
#31 /Users/alimadhoun/Desktop/GraduationProject/backend/vendor/laravel/framework/src/Illuminate/Pipeline/Pipeline.php(208): Illuminate\\Foundation\\Http\\Middleware\\TrimStrings->handle(Object(Illuminate\\Http\\Request), Object(Closure))
#32 /Users/alimadhoun/Desktop/GraduationProject/backend/vendor/laravel/framework/src/Illuminate/Http/Middleware/ValidatePostSize.php(27): Illuminate\\Pipeline\\Pipeline->{closure:{closure:Illuminate\\Pipeline\\Pipeline::carry():183}:184}(Object(Illuminate\\Http\\Request))
#33 /Users/alimadhoun/Desktop/GraduationProject/backend/vendor/laravel/framework/src/Illuminate/Pipeline/Pipeline.php(208): Illuminate\\Http\\Middleware\\ValidatePostSize->handle(Object(Illuminate\\Http\\Request), Object(Closure))
#34 /Users/alimadhoun/Desktop/GraduationProject/backend/vendor/laravel/framework/src/Illuminate/Foundation/Http/Middleware/PreventRequestsDuringMaintenance.php(109): Illuminate\\Pipeline\\Pipeline->{closure:{closure:Illuminate\\Pipeline\\Pipeline::carry():183}:184}(Object(Illuminate\\Http\\Request))
#35 /Users/alimadhoun/Desktop/GraduationProject/backend/vendor/laravel/framework/src/Illuminate/Pipeline/Pipeline.php(208): Illuminate\\Foundation\\Http\\Middleware\\PreventRequestsDuringMaintenance->handle(Object(Illuminate\\Http\\Request), Object(Closure))
#36 /Users/alimadhoun/Desktop/GraduationProject/backend/vendor/laravel/framework/src/Illuminate/Http/Middleware/HandleCors.php(48): Illuminate\\Pipeline\\Pipeline->{closure:{closure:Illuminate\\Pipeline\\Pipeline::carry():183}:184}(Object(Illuminate\\Http\\Request))
#37 /Users/alimadhoun/Desktop/GraduationProject/backend/vendor/laravel/framework/src/Illuminate/Pipeline/Pipeline.php(208): Illuminate\\Http\\Middleware\\HandleCors->handle(Object(Illuminate\\Http\\Request), Object(Closure))
#38 /Users/alimadhoun/Desktop/GraduationProject/backend/vendor/laravel/framework/src/Illuminate/Http/Middleware/TrustProxies.php(58): Illuminate\\Pipeline\\Pipeline->{closure:{closure:Illuminate\\Pipeline\\Pipeline::carry():183}:184}(Object(Illuminate\\Http\\Request))
#39 /Users/alimadhoun/Desktop/GraduationProject/backend/vendor/laravel/framework/src/Illuminate/Pipeline/Pipeline.php(208): Illuminate\\Http\\Middleware\\TrustProxies->handle(Object(Illuminate\\Http\\Request), Object(Closure))
#40 /Users/alimadhoun/Desktop/GraduationProject/backend/vendor/laravel/framework/src/Illuminate/Foundation/Http/Middleware/InvokeDeferredCallbacks.php(22): Illuminate\\Pipeline\\Pipeline->{closure:{closure:Illuminate\\Pipeline\\Pipeline::carry():183}:184}(Object(Illuminate\\Http\\Request))
#41 /Users/alimadhoun/Desktop/GraduationProject/backend/vendor/laravel/framework/src/Illuminate/Pipeline/Pipeline.php(208): Illuminate\\Foundation\\Http\\Middleware\\InvokeDeferredCallbacks->handle(Object(Illuminate\\Http\\Request), Object(Closure))
#42 /Users/alimadhoun/Desktop/GraduationProject/backend/vendor/laravel/framework/src/Illuminate/Http/Middleware/ValidatePathEncoding.php(26): Illuminate\\Pipeline\\Pipeline->{closure:{closure:Illuminate\\Pipeline\\Pipeline::carry():183}:184}(Object(Illuminate\\Http\\Request))
#43 /Users/alimadhoun/Desktop/GraduationProject/backend/vendor/laravel/framework/src/Illuminate/Pipeline/Pipeline.php(208): Illuminate\\Http\\Middleware\\ValidatePathEncoding->handle(Object(Illuminate\\Http\\Request), Object(Closure))
#44 /Users/alimadhoun/Desktop/GraduationProject/backend/vendor/laravel/framework/src/Illuminate/Pipeline/Pipeline.php(126): Illuminate\\Pipeline\\Pipeline->{closure:{closure:Illuminate\\Pipeline\\Pipeline::carry():183}:184}(Object(Illuminate\\Http\\Request))
#45 /Users/alimadhoun/Desktop/GraduationProject/backend/vendor/laravel/framework/src/Illuminate/Foundation/Http/Kernel.php(175): Illuminate\\Pipeline\\Pipeline->then(Object(Closure))
#46 /Users/alimadhoun/Desktop/GraduationProject/backend/vendor/laravel/framework/src/Illuminate/Foundation/Http/Kernel.php(144): Illuminate\\Foundation\\Http\\Kernel->sendRequestThroughRouter(Object(Illuminate\\Http\\Request))
#47 /Users/alimadhoun/Desktop/GraduationProject/backend/vendor/laravel/framework/src/Illuminate/Foundation/Application.php(1219): Illuminate\\Foundation\\Http\\Kernel->handle(Object(Illuminate\\Http\\Request))
#48 /Users/alimadhoun/Desktop/GraduationProject/backend/public/index.php(20): Illuminate\\Foundation\\Application->handleRequest(Object(Illuminate\\Http\\Request))
#49 /Users/alimadhoun/Desktop/GraduationProject/backend/vendor/laravel/framework/src/Illuminate/Foundation/resources/server.php(23): require_once('/Users/alimadho...')
#50 {main}
"} 
[2025-05-03 10:21:03] local.ERROR: Please provide a valid cache path. {"exception":"[object] (InvalidArgumentException(code: 0): Please provide a valid cache path. at /Users/alimadhoun/Desktop/GraduationProject/backend/vendor/laravel/framework/src/Illuminate/View/Compilers/Compiler.php:66)
[stacktrace]
#0 /Users/alimadhoun/Desktop/GraduationProject/backend/vendor/laravel/framework/src/Illuminate/View/ViewServiceProvider.php(97): Illuminate\\View\\Compilers\\Compiler->__construct(Object(Illuminate\\Filesystem\\Filesystem), false, '', true, 'php')
#1 /Users/alimadhoun/Desktop/GraduationProject/backend/vendor/laravel/framework/src/Illuminate/Container/Container.php(1010): Illuminate\\View\\ViewServiceProvider->{closure:Illuminate\\View\\ViewServiceProvider::registerBladeCompiler():96}(Object(Illuminate\\Foundation\\Application), Array)
#2 /Users/alimadhoun/Desktop/GraduationProject/backend/vendor/laravel/framework/src/Illuminate/Container/Container.php(890): Illuminate\\Container\\Container->build(Object(Closure))
#3 /Users/alimadhoun/Desktop/GraduationProject/backend/vendor/laravel/framework/src/Illuminate/Foundation/Application.php(1077): Illuminate\\Container\\Container->resolve('blade.compiler', Array, true)
#4 /Users/alimadhoun/Desktop/GraduationProject/backend/vendor/laravel/framework/src/Illuminate/Container/Container.php(821): Illuminate\\Foundation\\Application->resolve('blade.compiler', Array)
#5 /Users/alimadhoun/Desktop/GraduationProject/backend/vendor/laravel/framework/src/Illuminate/Foundation/Application.php(1057): Illuminate\\Container\\Container->make('blade.compiler', Array)
#6 /Users/alimadhoun/Desktop/GraduationProject/backend/vendor/laravel/framework/src/Illuminate/View/ViewServiceProvider.php(168): Illuminate\\Foundation\\Application->make('blade.compiler')
#7 [internal function]: Illuminate\\View\\ViewServiceProvider->{closure:Illuminate\\View\\ViewServiceProvider::registerBladeEngine():164}()
#8 /Users/alimadhoun/Desktop/GraduationProject/backend/vendor/laravel/framework/src/Illuminate/View/Engines/EngineResolver.php(55): call_user_func(Object(Closure))
#9 /Users/alimadhoun/Desktop/GraduationProject/backend/vendor/laravel/framework/src/Illuminate/View/Factory.php(325): Illuminate\\View\\Engines\\EngineResolver->resolve('blade')
#10 /Users/alimadhoun/Desktop/GraduationProject/backend/vendor/laravel/framework/src/Illuminate/View/Factory.php(287): Illuminate\\View\\Factory->getEngineFromPath('/Users/alimadho...')
#11 /Users/alimadhoun/Desktop/GraduationProject/backend/vendor/laravel/framework/src/Illuminate/View/Factory.php(159): Illuminate\\View\\Factory->viewInstance('errors::403', '/Users/alimadho...', Array)
#12 /Users/alimadhoun/Desktop/GraduationProject/backend/vendor/laravel/framework/src/Illuminate/Routing/ResponseFactory.php(90): Illuminate\\View\\Factory->make('errors::403', Array)
#13 /Users/alimadhoun/Desktop/GraduationProject/backend/vendor/laravel/framework/src/Illuminate/Foundation/Exceptions/Handler.php(897): Illuminate\\Routing\\ResponseFactory->view('errors::403', Array, 403, Array)
#14 /Users/alimadhoun/Desktop/GraduationProject/backend/vendor/laravel/framework/src/Illuminate/Foundation/Exceptions/Handler.php(818): Illuminate\\Foundation\\Exceptions\\Handler->renderHttpException(Object(Symfony\\Component\\HttpKernel\\Exception\\HttpException))
#15 /Users/alimadhoun/Desktop/GraduationProject/backend/vendor/laravel/framework/src/Illuminate/Foundation/Exceptions/Handler.php(709): Illuminate\\Foundation\\Exceptions\\Handler->prepareResponse(Object(Illuminate\\Http\\Request), Object(Symfony\\Component\\HttpKernel\\Exception\\HttpException))
#16 /Users/alimadhoun/Desktop/GraduationProject/backend/vendor/laravel/framework/src/Illuminate/Foundation/Exceptions/Handler.php(597): Illuminate\\Foundation\\Exceptions\\Handler->renderExceptionResponse(Object(Illuminate\\Http\\Request), Object(Symfony\\Component\\HttpKernel\\Exception\\HttpException))
#17 /Users/alimadhoun/Desktop/GraduationProject/backend/vendor/laravel/framework/src/Illuminate/Routing/Pipeline.php(51): Illuminate\\Foundation\\Exceptions\\Handler->render(Object(Illuminate\\Http\\Request), Object(Symfony\\Component\\HttpKernel\\Exception\\HttpException))
#18 /Users/alimadhoun/Desktop/GraduationProject/backend/vendor/laravel/framework/src/Illuminate/Pipeline/Pipeline.php(171): Illuminate\\Routing\\Pipeline->handleException(Object(Illuminate\\Http\\Request), Object(Symfony\\Component\\HttpKernel\\Exception\\HttpException))
#19 /Users/alimadhoun/Desktop/GraduationProject/backend/vendor/laravel/framework/src/Illuminate/Pipeline/Pipeline.php(126): Illuminate\\Pipeline\\Pipeline->{closure:Illuminate\\Pipeline\\Pipeline::prepareDestination():167}(Object(Illuminate\\Http\\Request))
#20 /Users/alimadhoun/Desktop/GraduationProject/backend/vendor/laravel/framework/src/Illuminate/Routing/Router.php(807): Illuminate\\Pipeline\\Pipeline->then(Object(Closure))
#21 /Users/alimadhoun/Desktop/GraduationProject/backend/vendor/laravel/framework/src/Illuminate/Routing/Router.php(786): Illuminate\\Routing\\Router->runRouteWithinStack(Object(Illuminate\\Routing\\Route), Object(Illuminate\\Http\\Request))
#22 /Users/alimadhoun/Desktop/GraduationProject/backend/vendor/laravel/framework/src/Illuminate/Routing/Router.php(750): Illuminate\\Routing\\Router->runRoute(Object(Illuminate\\Http\\Request), Object(Illuminate\\Routing\\Route))
#23 /Users/alimadhoun/Desktop/GraduationProject/backend/vendor/laravel/framework/src/Illuminate/Routing/Router.php(739): Illuminate\\Routing\\Router->dispatchToRoute(Object(Illuminate\\Http\\Request))
#24 /Users/alimadhoun/Desktop/GraduationProject/backend/vendor/laravel/framework/src/Illuminate/Foundation/Http/Kernel.php(200): Illuminate\\Routing\\Router->dispatch(Object(Illuminate\\Http\\Request))
#25 /Users/alimadhoun/Desktop/GraduationProject/backend/vendor/laravel/framework/src/Illuminate/Pipeline/Pipeline.php(169): Illuminate\\Foundation\\Http\\Kernel->{closure:Illuminate\\Foundation\\Http\\Kernel::dispatchToRouter():197}(Object(Illuminate\\Http\\Request))
#26 /Users/alimadhoun/Desktop/GraduationProject/backend/vendor/laravel/framework/src/Illuminate/Foundation/Http/Middleware/TransformsRequest.php(21): Illuminate\\Pipeline\\Pipeline->{closure:Illuminate\\Pipeline\\Pipeline::prepareDestination():167}(Object(Illuminate\\Http\\Request))
#27 /Users/alimadhoun/Desktop/GraduationProject/backend/vendor/laravel/framework/src/Illuminate/Foundation/Http/Middleware/ConvertEmptyStringsToNull.php(31): Illuminate\\Foundation\\Http\\Middleware\\TransformsRequest->handle(Object(Illuminate\\Http\\Request), Object(Closure))
#28 /Users/alimadhoun/Desktop/GraduationProject/backend/vendor/laravel/framework/src/Illuminate/Pipeline/Pipeline.php(208): Illuminate\\Foundation\\Http\\Middleware\\ConvertEmptyStringsToNull->handle(Object(Illuminate\\Http\\Request), Object(Closure))
#29 /Users/alimadhoun/Desktop/GraduationProject/backend/vendor/laravel/framework/src/Illuminate/Foundation/Http/Middleware/TransformsRequest.php(21): Illuminate\\Pipeline\\Pipeline->{closure:{closure:Illuminate\\Pipeline\\Pipeline::carry():183}:184}(Object(Illuminate\\Http\\Request))
#30 /Users/alimadhoun/Desktop/GraduationProject/backend/vendor/laravel/framework/src/Illuminate/Foundation/Http/Middleware/TrimStrings.php(51): Illuminate\\Foundation\\Http\\Middleware\\TransformsRequest->handle(Object(Illuminate\\Http\\Request), Object(Closure))
#31 /Users/alimadhoun/Desktop/GraduationProject/backend/vendor/laravel/framework/src/Illuminate/Pipeline/Pipeline.php(208): Illuminate\\Foundation\\Http\\Middleware\\TrimStrings->handle(Object(Illuminate\\Http\\Request), Object(Closure))
#32 /Users/alimadhoun/Desktop/GraduationProject/backend/vendor/laravel/framework/src/Illuminate/Http/Middleware/ValidatePostSize.php(27): Illuminate\\Pipeline\\Pipeline->{closure:{closure:Illuminate\\Pipeline\\Pipeline::carry():183}:184}(Object(Illuminate\\Http\\Request))
#33 /Users/alimadhoun/Desktop/GraduationProject/backend/vendor/laravel/framework/src/Illuminate/Pipeline/Pipeline.php(208): Illuminate\\Http\\Middleware\\ValidatePostSize->handle(Object(Illuminate\\Http\\Request), Object(Closure))
#34 /Users/alimadhoun/Desktop/GraduationProject/backend/vendor/laravel/framework/src/Illuminate/Foundation/Http/Middleware/PreventRequestsDuringMaintenance.php(109): Illuminate\\Pipeline\\Pipeline->{closure:{closure:Illuminate\\Pipeline\\Pipeline::carry():183}:184}(Object(Illuminate\\Http\\Request))
#35 /Users/alimadhoun/Desktop/GraduationProject/backend/vendor/laravel/framework/src/Illuminate/Pipeline/Pipeline.php(208): Illuminate\\Foundation\\Http\\Middleware\\PreventRequestsDuringMaintenance->handle(Object(Illuminate\\Http\\Request), Object(Closure))
#36 /Users/alimadhoun/Desktop/GraduationProject/backend/vendor/laravel/framework/src/Illuminate/Http/Middleware/HandleCors.php(48): Illuminate\\Pipeline\\Pipeline->{closure:{closure:Illuminate\\Pipeline\\Pipeline::carry():183}:184}(Object(Illuminate\\Http\\Request))
#37 /Users/alimadhoun/Desktop/GraduationProject/backend/vendor/laravel/framework/src/Illuminate/Pipeline/Pipeline.php(208): Illuminate\\Http\\Middleware\\HandleCors->handle(Object(Illuminate\\Http\\Request), Object(Closure))
#38 /Users/alimadhoun/Desktop/GraduationProject/backend/vendor/laravel/framework/src/Illuminate/Http/Middleware/TrustProxies.php(58): Illuminate\\Pipeline\\Pipeline->{closure:{closure:Illuminate\\Pipeline\\Pipeline::carry():183}:184}(Object(Illuminate\\Http\\Request))
#39 /Users/alimadhoun/Desktop/GraduationProject/backend/vendor/laravel/framework/src/Illuminate/Pipeline/Pipeline.php(208): Illuminate\\Http\\Middleware\\TrustProxies->handle(Object(Illuminate\\Http\\Request), Object(Closure))
#40 /Users/alimadhoun/Desktop/GraduationProject/backend/vendor/laravel/framework/src/Illuminate/Foundation/Http/Middleware/InvokeDeferredCallbacks.php(22): Illuminate\\Pipeline\\Pipeline->{closure:{closure:Illuminate\\Pipeline\\Pipeline::carry():183}:184}(Object(Illuminate\\Http\\Request))
#41 /Users/alimadhoun/Desktop/GraduationProject/backend/vendor/laravel/framework/src/Illuminate/Pipeline/Pipeline.php(208): Illuminate\\Foundation\\Http\\Middleware\\InvokeDeferredCallbacks->handle(Object(Illuminate\\Http\\Request), Object(Closure))
#42 /Users/alimadhoun/Desktop/GraduationProject/backend/vendor/laravel/framework/src/Illuminate/Http/Middleware/ValidatePathEncoding.php(26): Illuminate\\Pipeline\\Pipeline->{closure:{closure:Illuminate\\Pipeline\\Pipeline::carry():183}:184}(Object(Illuminate\\Http\\Request))
#43 /Users/alimadhoun/Desktop/GraduationProject/backend/vendor/laravel/framework/src/Illuminate/Pipeline/Pipeline.php(208): Illuminate\\Http\\Middleware\\ValidatePathEncoding->handle(Object(Illuminate\\Http\\Request), Object(Closure))
#44 /Users/alimadhoun/Desktop/GraduationProject/backend/vendor/laravel/framework/src/Illuminate/Pipeline/Pipeline.php(126): Illuminate\\Pipeline\\Pipeline->{closure:{closure:Illuminate\\Pipeline\\Pipeline::carry():183}:184}(Object(Illuminate\\Http\\Request))
#45 /Users/alimadhoun/Desktop/GraduationProject/backend/vendor/laravel/framework/src/Illuminate/Foundation/Http/Kernel.php(175): Illuminate\\Pipeline\\Pipeline->then(Object(Closure))
#46 /Users/alimadhoun/Desktop/GraduationProject/backend/vendor/laravel/framework/src/Illuminate/Foundation/Http/Kernel.php(144): Illuminate\\Foundation\\Http\\Kernel->sendRequestThroughRouter(Object(Illuminate\\Http\\Request))
#47 /Users/alimadhoun/Desktop/GraduationProject/backend/vendor/laravel/framework/src/Illuminate/Foundation/Application.php(1219): Illuminate\\Foundation\\Http\\Kernel->handle(Object(Illuminate\\Http\\Request))
#48 /Users/alimadhoun/Desktop/GraduationProject/backend/public/index.php(20): Illuminate\\Foundation\\Application->handleRequest(Object(Illuminate\\Http\\Request))
#49 /Users/alimadhoun/Desktop/GraduationProject/backend/vendor/laravel/framework/src/Illuminate/Foundation/resources/server.php(23): require_once('/Users/alimadho...')
#50 {main}
"} 
[2025-05-03 10:21:03] local.ERROR: Please provide a valid cache path. {"exception":"[object] (InvalidArgumentException(code: 0): Please provide a valid cache path. at /Users/alimadhoun/Desktop/GraduationProject/backend/vendor/laravel/framework/src/Illuminate/View/Compilers/Compiler.php:66)
[stacktrace]
#0 /Users/alimadhoun/Desktop/GraduationProject/backend/vendor/laravel/framework/src/Illuminate/View/ViewServiceProvider.php(97): Illuminate\\View\\Compilers\\Compiler->__construct(Object(Illuminate\\Filesystem\\Filesystem), false, '', true, 'php')
#1 /Users/alimadhoun/Desktop/GraduationProject/backend/vendor/laravel/framework/src/Illuminate/Container/Container.php(1010): Illuminate\\View\\ViewServiceProvider->{closure:Illuminate\\View\\ViewServiceProvider::registerBladeCompiler():96}(Object(Illuminate\\Foundation\\Application), Array)
#2 /Users/alimadhoun/Desktop/GraduationProject/backend/vendor/laravel/framework/src/Illuminate/Container/Container.php(890): Illuminate\\Container\\Container->build(Object(Closure))
#3 /Users/alimadhoun/Desktop/GraduationProject/backend/vendor/laravel/framework/src/Illuminate/Foundation/Application.php(1077): Illuminate\\Container\\Container->resolve('blade.compiler', Array, true)
#4 /Users/alimadhoun/Desktop/GraduationProject/backend/vendor/laravel/framework/src/Illuminate/Container/Container.php(821): Illuminate\\Foundation\\Application->resolve('blade.compiler', Array)
#5 /Users/alimadhoun/Desktop/GraduationProject/backend/vendor/laravel/framework/src/Illuminate/Foundation/Application.php(1057): Illuminate\\Container\\Container->make('blade.compiler', Array)
#6 /Users/alimadhoun/Desktop/GraduationProject/backend/vendor/laravel/framework/src/Illuminate/View/ViewServiceProvider.php(168): Illuminate\\Foundation\\Application->make('blade.compiler')
#7 [internal function]: Illuminate\\View\\ViewServiceProvider->{closure:Illuminate\\View\\ViewServiceProvider::registerBladeEngine():164}()
#8 /Users/alimadhoun/Desktop/GraduationProject/backend/vendor/laravel/framework/src/Illuminate/View/Engines/EngineResolver.php(55): call_user_func(Object(Closure))
#9 /Users/alimadhoun/Desktop/GraduationProject/backend/vendor/laravel/framework/src/Illuminate/View/Factory.php(325): Illuminate\\View\\Engines\\EngineResolver->resolve('blade')
#10 /Users/alimadhoun/Desktop/GraduationProject/backend/vendor/laravel/framework/src/Illuminate/View/Factory.php(287): Illuminate\\View\\Factory->getEngineFromPath('/Users/alimadho...')
#11 /Users/alimadhoun/Desktop/GraduationProject/backend/vendor/laravel/framework/src/Illuminate/View/Factory.php(159): Illuminate\\View\\Factory->viewInstance('errors::403', '/Users/alimadho...', Array)
#12 /Users/alimadhoun/Desktop/GraduationProject/backend/vendor/laravel/framework/src/Illuminate/Routing/ResponseFactory.php(90): Illuminate\\View\\Factory->make('errors::403', Array)
#13 /Users/alimadhoun/Desktop/GraduationProject/backend/vendor/laravel/framework/src/Illuminate/Foundation/Exceptions/Handler.php(897): Illuminate\\Routing\\ResponseFactory->view('errors::403', Array, 403, Array)
#14 /Users/alimadhoun/Desktop/GraduationProject/backend/vendor/laravel/framework/src/Illuminate/Foundation/Exceptions/Handler.php(818): Illuminate\\Foundation\\Exceptions\\Handler->renderHttpException(Object(Symfony\\Component\\HttpKernel\\Exception\\HttpException))
#15 /Users/alimadhoun/Desktop/GraduationProject/backend/vendor/laravel/framework/src/Illuminate/Foundation/Exceptions/Handler.php(709): Illuminate\\Foundation\\Exceptions\\Handler->prepareResponse(Object(Illuminate\\Http\\Request), Object(Symfony\\Component\\HttpKernel\\Exception\\HttpException))
#16 /Users/alimadhoun/Desktop/GraduationProject/backend/vendor/laravel/framework/src/Illuminate/Foundation/Exceptions/Handler.php(597): Illuminate\\Foundation\\Exceptions\\Handler->renderExceptionResponse(Object(Illuminate\\Http\\Request), Object(Symfony\\Component\\HttpKernel\\Exception\\HttpException))
#17 /Users/alimadhoun/Desktop/GraduationProject/backend/vendor/laravel/framework/src/Illuminate/Routing/Pipeline.php(51): Illuminate\\Foundation\\Exceptions\\Handler->render(Object(Illuminate\\Http\\Request), Object(Symfony\\Component\\HttpKernel\\Exception\\HttpException))
#18 /Users/alimadhoun/Desktop/GraduationProject/backend/vendor/laravel/framework/src/Illuminate/Pipeline/Pipeline.php(171): Illuminate\\Routing\\Pipeline->handleException(Object(Illuminate\\Http\\Request), Object(Symfony\\Component\\HttpKernel\\Exception\\HttpException))
#19 /Users/alimadhoun/Desktop/GraduationProject/backend/vendor/laravel/framework/src/Illuminate/Pipeline/Pipeline.php(126): Illuminate\\Pipeline\\Pipeline->{closure:Illuminate\\Pipeline\\Pipeline::prepareDestination():167}(Object(Illuminate\\Http\\Request))
#20 /Users/alimadhoun/Desktop/GraduationProject/backend/vendor/laravel/framework/src/Illuminate/Routing/Router.php(807): Illuminate\\Pipeline\\Pipeline->then(Object(Closure))
#21 /Users/alimadhoun/Desktop/GraduationProject/backend/vendor/laravel/framework/src/Illuminate/Routing/Router.php(786): Illuminate\\Routing\\Router->runRouteWithinStack(Object(Illuminate\\Routing\\Route), Object(Illuminate\\Http\\Request))
#22 /Users/alimadhoun/Desktop/GraduationProject/backend/vendor/laravel/framework/src/Illuminate/Routing/Router.php(750): Illuminate\\Routing\\Router->runRoute(Object(Illuminate\\Http\\Request), Object(Illuminate\\Routing\\Route))
#23 /Users/alimadhoun/Desktop/GraduationProject/backend/vendor/laravel/framework/src/Illuminate/Routing/Router.php(739): Illuminate\\Routing\\Router->dispatchToRoute(Object(Illuminate\\Http\\Request))
#24 /Users/alimadhoun/Desktop/GraduationProject/backend/vendor/laravel/framework/src/Illuminate/Foundation/Http/Kernel.php(200): Illuminate\\Routing\\Router->dispatch(Object(Illuminate\\Http\\Request))
#25 /Users/alimadhoun/Desktop/GraduationProject/backend/vendor/laravel/framework/src/Illuminate/Pipeline/Pipeline.php(169): Illuminate\\Foundation\\Http\\Kernel->{closure:Illuminate\\Foundation\\Http\\Kernel::dispatchToRouter():197}(Object(Illuminate\\Http\\Request))
#26 /Users/alimadhoun/Desktop/GraduationProject/backend/vendor/laravel/framework/src/Illuminate/Foundation/Http/Middleware/TransformsRequest.php(21): Illuminate\\Pipeline\\Pipeline->{closure:Illuminate\\Pipeline\\Pipeline::prepareDestination():167}(Object(Illuminate\\Http\\Request))
#27 /Users/alimadhoun/Desktop/GraduationProject/backend/vendor/laravel/framework/src/Illuminate/Foundation/Http/Middleware/ConvertEmptyStringsToNull.php(31): Illuminate\\Foundation\\Http\\Middleware\\TransformsRequest->handle(Object(Illuminate\\Http\\Request), Object(Closure))
#28 /Users/alimadhoun/Desktop/GraduationProject/backend/vendor/laravel/framework/src/Illuminate/Pipeline/Pipeline.php(208): Illuminate\\Foundation\\Http\\Middleware\\ConvertEmptyStringsToNull->handle(Object(Illuminate\\Http\\Request), Object(Closure))
#29 /Users/alimadhoun/Desktop/GraduationProject/backend/vendor/laravel/framework/src/Illuminate/Foundation/Http/Middleware/TransformsRequest.php(21): Illuminate\\Pipeline\\Pipeline->{closure:{closure:Illuminate\\Pipeline\\Pipeline::carry():183}:184}(Object(Illuminate\\Http\\Request))
#30 /Users/alimadhoun/Desktop/GraduationProject/backend/vendor/laravel/framework/src/Illuminate/Foundation/Http/Middleware/TrimStrings.php(51): Illuminate\\Foundation\\Http\\Middleware\\TransformsRequest->handle(Object(Illuminate\\Http\\Request), Object(Closure))
#31 /Users/alimadhoun/Desktop/GraduationProject/backend/vendor/laravel/framework/src/Illuminate/Pipeline/Pipeline.php(208): Illuminate\\Foundation\\Http\\Middleware\\TrimStrings->handle(Object(Illuminate\\Http\\Request), Object(Closure))
#32 /Users/alimadhoun/Desktop/GraduationProject/backend/vendor/laravel/framework/src/Illuminate/Http/Middleware/ValidatePostSize.php(27): Illuminate\\Pipeline\\Pipeline->{closure:{closure:Illuminate\\Pipeline\\Pipeline::carry():183}:184}(Object(Illuminate\\Http\\Request))
#33 /Users/alimadhoun/Desktop/GraduationProject/backend/vendor/laravel/framework/src/Illuminate/Pipeline/Pipeline.php(208): Illuminate\\Http\\Middleware\\ValidatePostSize->handle(Object(Illuminate\\Http\\Request), Object(Closure))
#34 /Users/alimadhoun/Desktop/GraduationProject/backend/vendor/laravel/framework/src/Illuminate/Foundation/Http/Middleware/PreventRequestsDuringMaintenance.php(109): Illuminate\\Pipeline\\Pipeline->{closure:{closure:Illuminate\\Pipeline\\Pipeline::carry():183}:184}(Object(Illuminate\\Http\\Request))
#35 /Users/alimadhoun/Desktop/GraduationProject/backend/vendor/laravel/framework/src/Illuminate/Pipeline/Pipeline.php(208): Illuminate\\Foundation\\Http\\Middleware\\PreventRequestsDuringMaintenance->handle(Object(Illuminate\\Http\\Request), Object(Closure))
#36 /Users/alimadhoun/Desktop/GraduationProject/backend/vendor/laravel/framework/src/Illuminate/Http/Middleware/HandleCors.php(48): Illuminate\\Pipeline\\Pipeline->{closure:{closure:Illuminate\\Pipeline\\Pipeline::carry():183}:184}(Object(Illuminate\\Http\\Request))
#37 /Users/alimadhoun/Desktop/GraduationProject/backend/vendor/laravel/framework/src/Illuminate/Pipeline/Pipeline.php(208): Illuminate\\Http\\Middleware\\HandleCors->handle(Object(Illuminate\\Http\\Request), Object(Closure))
#38 /Users/alimadhoun/Desktop/GraduationProject/backend/vendor/laravel/framework/src/Illuminate/Http/Middleware/TrustProxies.php(58): Illuminate\\Pipeline\\Pipeline->{closure:{closure:Illuminate\\Pipeline\\Pipeline::carry():183}:184}(Object(Illuminate\\Http\\Request))
#39 /Users/alimadhoun/Desktop/GraduationProject/backend/vendor/laravel/framework/src/Illuminate/Pipeline/Pipeline.php(208): Illuminate\\Http\\Middleware\\TrustProxies->handle(Object(Illuminate\\Http\\Request), Object(Closure))
#40 /Users/alimadhoun/Desktop/GraduationProject/backend/vendor/laravel/framework/src/Illuminate/Foundation/Http/Middleware/InvokeDeferredCallbacks.php(22): Illuminate\\Pipeline\\Pipeline->{closure:{closure:Illuminate\\Pipeline\\Pipeline::carry():183}:184}(Object(Illuminate\\Http\\Request))
#41 /Users/alimadhoun/Desktop/GraduationProject/backend/vendor/laravel/framework/src/Illuminate/Pipeline/Pipeline.php(208): Illuminate\\Foundation\\Http\\Middleware\\InvokeDeferredCallbacks->handle(Object(Illuminate\\Http\\Request), Object(Closure))
#42 /Users/alimadhoun/Desktop/GraduationProject/backend/vendor/laravel/framework/src/Illuminate/Http/Middleware/ValidatePathEncoding.php(26): Illuminate\\Pipeline\\Pipeline->{closure:{closure:Illuminate\\Pipeline\\Pipeline::carry():183}:184}(Object(Illuminate\\Http\\Request))
#43 /Users/alimadhoun/Desktop/GraduationProject/backend/vendor/laravel/framework/src/Illuminate/Pipeline/Pipeline.php(208): Illuminate\\Http\\Middleware\\ValidatePathEncoding->handle(Object(Illuminate\\Http\\Request), Object(Closure))
#44 /Users/alimadhoun/Desktop/GraduationProject/backend/vendor/laravel/framework/src/Illuminate/Pipeline/Pipeline.php(126): Illuminate\\Pipeline\\Pipeline->{closure:{closure:Illuminate\\Pipeline\\Pipeline::carry():183}:184}(Object(Illuminate\\Http\\Request))
#45 /Users/alimadhoun/Desktop/GraduationProject/backend/vendor/laravel/framework/src/Illuminate/Foundation/Http/Kernel.php(175): Illuminate\\Pipeline\\Pipeline->then(Object(Closure))
#46 /Users/alimadhoun/Desktop/GraduationProject/backend/vendor/laravel/framework/src/Illuminate/Foundation/Http/Kernel.php(144): Illuminate\\Foundation\\Http\\Kernel->sendRequestThroughRouter(Object(Illuminate\\Http\\Request))
#47 /Users/alimadhoun/Desktop/GraduationProject/backend/vendor/laravel/framework/src/Illuminate/Foundation/Application.php(1219): Illuminate\\Foundation\\Http\\Kernel->handle(Object(Illuminate\\Http\\Request))
#48 /Users/alimadhoun/Desktop/GraduationProject/backend/public/index.php(20): Illuminate\\Foundation\\Application->handleRequest(Object(Illuminate\\Http\\Request))
#49 /Users/alimadhoun/Desktop/GraduationProject/backend/vendor/laravel/framework/src/Illuminate/Foundation/resources/server.php(23): require_once('/Users/alimadho...')
#50 {main}
"} 
[2025-05-03 10:21:10] local.ERROR: Please provide a valid cache path. {"exception":"[object] (InvalidArgumentException(code: 0): Please provide a valid cache path. at /Users/alimadhoun/Desktop/GraduationProject/backend/vendor/laravel/framework/src/Illuminate/View/Compilers/Compiler.php:66)
[stacktrace]
#0 /Users/alimadhoun/Desktop/GraduationProject/backend/vendor/laravel/framework/src/Illuminate/View/ViewServiceProvider.php(97): Illuminate\\View\\Compilers\\Compiler->__construct(Object(Illuminate\\Filesystem\\Filesystem), false, '', true, 'php')
#1 /Users/alimadhoun/Desktop/GraduationProject/backend/vendor/laravel/framework/src/Illuminate/Container/Container.php(1010): Illuminate\\View\\ViewServiceProvider->{closure:Illuminate\\View\\ViewServiceProvider::registerBladeCompiler():96}(Object(Illuminate\\Foundation\\Application), Array)
#2 /Users/alimadhoun/Desktop/GraduationProject/backend/vendor/laravel/framework/src/Illuminate/Container/Container.php(890): Illuminate\\Container\\Container->build(Object(Closure))
#3 /Users/alimadhoun/Desktop/GraduationProject/backend/vendor/laravel/framework/src/Illuminate/Foundation/Application.php(1077): Illuminate\\Container\\Container->resolve('blade.compiler', Array, true)
#4 /Users/alimadhoun/Desktop/GraduationProject/backend/vendor/laravel/framework/src/Illuminate/Container/Container.php(821): Illuminate\\Foundation\\Application->resolve('blade.compiler', Array)
#5 /Users/alimadhoun/Desktop/GraduationProject/backend/vendor/laravel/framework/src/Illuminate/Foundation/Application.php(1057): Illuminate\\Container\\Container->make('blade.compiler', Array)
#6 /Users/alimadhoun/Desktop/GraduationProject/backend/vendor/laravel/framework/src/Illuminate/View/ViewServiceProvider.php(168): Illuminate\\Foundation\\Application->make('blade.compiler')
#7 [internal function]: Illuminate\\View\\ViewServiceProvider->{closure:Illuminate\\View\\ViewServiceProvider::registerBladeEngine():164}()
#8 /Users/alimadhoun/Desktop/GraduationProject/backend/vendor/laravel/framework/src/Illuminate/View/Engines/EngineResolver.php(55): call_user_func(Object(Closure))
#9 /Users/alimadhoun/Desktop/GraduationProject/backend/vendor/laravel/framework/src/Illuminate/View/Factory.php(325): Illuminate\\View\\Engines\\EngineResolver->resolve('blade')
#10 /Users/alimadhoun/Desktop/GraduationProject/backend/vendor/laravel/framework/src/Illuminate/View/Factory.php(287): Illuminate\\View\\Factory->getEngineFromPath('/Users/alimadho...')
#11 /Users/alimadhoun/Desktop/GraduationProject/backend/vendor/laravel/framework/src/Illuminate/View/Factory.php(159): Illuminate\\View\\Factory->viewInstance('errors::403', '/Users/alimadho...', Array)
#12 /Users/alimadhoun/Desktop/GraduationProject/backend/vendor/laravel/framework/src/Illuminate/Routing/ResponseFactory.php(90): Illuminate\\View\\Factory->make('errors::403', Array)
#13 /Users/alimadhoun/Desktop/GraduationProject/backend/vendor/laravel/framework/src/Illuminate/Foundation/Exceptions/Handler.php(897): Illuminate\\Routing\\ResponseFactory->view('errors::403', Array, 403, Array)
#14 /Users/alimadhoun/Desktop/GraduationProject/backend/vendor/laravel/framework/src/Illuminate/Foundation/Exceptions/Handler.php(818): Illuminate\\Foundation\\Exceptions\\Handler->renderHttpException(Object(Symfony\\Component\\HttpKernel\\Exception\\HttpException))
#15 /Users/alimadhoun/Desktop/GraduationProject/backend/vendor/laravel/framework/src/Illuminate/Foundation/Exceptions/Handler.php(709): Illuminate\\Foundation\\Exceptions\\Handler->prepareResponse(Object(Illuminate\\Http\\Request), Object(Symfony\\Component\\HttpKernel\\Exception\\HttpException))
#16 /Users/alimadhoun/Desktop/GraduationProject/backend/vendor/laravel/framework/src/Illuminate/Foundation/Exceptions/Handler.php(597): Illuminate\\Foundation\\Exceptions\\Handler->renderExceptionResponse(Object(Illuminate\\Http\\Request), Object(Symfony\\Component\\HttpKernel\\Exception\\HttpException))
#17 /Users/alimadhoun/Desktop/GraduationProject/backend/vendor/laravel/framework/src/Illuminate/Routing/Pipeline.php(51): Illuminate\\Foundation\\Exceptions\\Handler->render(Object(Illuminate\\Http\\Request), Object(Symfony\\Component\\HttpKernel\\Exception\\HttpException))
#18 /Users/alimadhoun/Desktop/GraduationProject/backend/vendor/laravel/framework/src/Illuminate/Pipeline/Pipeline.php(171): Illuminate\\Routing\\Pipeline->handleException(Object(Illuminate\\Http\\Request), Object(Symfony\\Component\\HttpKernel\\Exception\\HttpException))
#19 /Users/alimadhoun/Desktop/GraduationProject/backend/vendor/laravel/framework/src/Illuminate/Pipeline/Pipeline.php(126): Illuminate\\Pipeline\\Pipeline->{closure:Illuminate\\Pipeline\\Pipeline::prepareDestination():167}(Object(Illuminate\\Http\\Request))
#20 /Users/alimadhoun/Desktop/GraduationProject/backend/vendor/laravel/framework/src/Illuminate/Routing/Router.php(807): Illuminate\\Pipeline\\Pipeline->then(Object(Closure))
#21 /Users/alimadhoun/Desktop/GraduationProject/backend/vendor/laravel/framework/src/Illuminate/Routing/Router.php(786): Illuminate\\Routing\\Router->runRouteWithinStack(Object(Illuminate\\Routing\\Route), Object(Illuminate\\Http\\Request))
#22 /Users/alimadhoun/Desktop/GraduationProject/backend/vendor/laravel/framework/src/Illuminate/Routing/Router.php(750): Illuminate\\Routing\\Router->runRoute(Object(Illuminate\\Http\\Request), Object(Illuminate\\Routing\\Route))
#23 /Users/alimadhoun/Desktop/GraduationProject/backend/vendor/laravel/framework/src/Illuminate/Routing/Router.php(739): Illuminate\\Routing\\Router->dispatchToRoute(Object(Illuminate\\Http\\Request))
#24 /Users/alimadhoun/Desktop/GraduationProject/backend/vendor/laravel/framework/src/Illuminate/Foundation/Http/Kernel.php(200): Illuminate\\Routing\\Router->dispatch(Object(Illuminate\\Http\\Request))
#25 /Users/alimadhoun/Desktop/GraduationProject/backend/vendor/laravel/framework/src/Illuminate/Pipeline/Pipeline.php(169): Illuminate\\Foundation\\Http\\Kernel->{closure:Illuminate\\Foundation\\Http\\Kernel::dispatchToRouter():197}(Object(Illuminate\\Http\\Request))
#26 /Users/alimadhoun/Desktop/GraduationProject/backend/vendor/laravel/framework/src/Illuminate/Foundation/Http/Middleware/TransformsRequest.php(21): Illuminate\\Pipeline\\Pipeline->{closure:Illuminate\\Pipeline\\Pipeline::prepareDestination():167}(Object(Illuminate\\Http\\Request))
#27 /Users/alimadhoun/Desktop/GraduationProject/backend/vendor/laravel/framework/src/Illuminate/Foundation/Http/Middleware/ConvertEmptyStringsToNull.php(31): Illuminate\\Foundation\\Http\\Middleware\\TransformsRequest->handle(Object(Illuminate\\Http\\Request), Object(Closure))
#28 /Users/alimadhoun/Desktop/GraduationProject/backend/vendor/laravel/framework/src/Illuminate/Pipeline/Pipeline.php(208): Illuminate\\Foundation\\Http\\Middleware\\ConvertEmptyStringsToNull->handle(Object(Illuminate\\Http\\Request), Object(Closure))
#29 /Users/alimadhoun/Desktop/GraduationProject/backend/vendor/laravel/framework/src/Illuminate/Foundation/Http/Middleware/TransformsRequest.php(21): Illuminate\\Pipeline\\Pipeline->{closure:{closure:Illuminate\\Pipeline\\Pipeline::carry():183}:184}(Object(Illuminate\\Http\\Request))
#30 /Users/alimadhoun/Desktop/GraduationProject/backend/vendor/laravel/framework/src/Illuminate/Foundation/Http/Middleware/TrimStrings.php(51): Illuminate\\Foundation\\Http\\Middleware\\TransformsRequest->handle(Object(Illuminate\\Http\\Request), Object(Closure))
#31 /Users/alimadhoun/Desktop/GraduationProject/backend/vendor/laravel/framework/src/Illuminate/Pipeline/Pipeline.php(208): Illuminate\\Foundation\\Http\\Middleware\\TrimStrings->handle(Object(Illuminate\\Http\\Request), Object(Closure))
#32 /Users/alimadhoun/Desktop/GraduationProject/backend/vendor/laravel/framework/src/Illuminate/Http/Middleware/ValidatePostSize.php(27): Illuminate\\Pipeline\\Pipeline->{closure:{closure:Illuminate\\Pipeline\\Pipeline::carry():183}:184}(Object(Illuminate\\Http\\Request))
#33 /Users/alimadhoun/Desktop/GraduationProject/backend/vendor/laravel/framework/src/Illuminate/Pipeline/Pipeline.php(208): Illuminate\\Http\\Middleware\\ValidatePostSize->handle(Object(Illuminate\\Http\\Request), Object(Closure))
#34 /Users/alimadhoun/Desktop/GraduationProject/backend/vendor/laravel/framework/src/Illuminate/Foundation/Http/Middleware/PreventRequestsDuringMaintenance.php(109): Illuminate\\Pipeline\\Pipeline->{closure:{closure:Illuminate\\Pipeline\\Pipeline::carry():183}:184}(Object(Illuminate\\Http\\Request))
#35 /Users/alimadhoun/Desktop/GraduationProject/backend/vendor/laravel/framework/src/Illuminate/Pipeline/Pipeline.php(208): Illuminate\\Foundation\\Http\\Middleware\\PreventRequestsDuringMaintenance->handle(Object(Illuminate\\Http\\Request), Object(Closure))
#36 /Users/alimadhoun/Desktop/GraduationProject/backend/vendor/laravel/framework/src/Illuminate/Http/Middleware/HandleCors.php(48): Illuminate\\Pipeline\\Pipeline->{closure:{closure:Illuminate\\Pipeline\\Pipeline::carry():183}:184}(Object(Illuminate\\Http\\Request))
#37 /Users/alimadhoun/Desktop/GraduationProject/backend/vendor/laravel/framework/src/Illuminate/Pipeline/Pipeline.php(208): Illuminate\\Http\\Middleware\\HandleCors->handle(Object(Illuminate\\Http\\Request), Object(Closure))
#38 /Users/alimadhoun/Desktop/GraduationProject/backend/vendor/laravel/framework/src/Illuminate/Http/Middleware/TrustProxies.php(58): Illuminate\\Pipeline\\Pipeline->{closure:{closure:Illuminate\\Pipeline\\Pipeline::carry():183}:184}(Object(Illuminate\\Http\\Request))
#39 /Users/alimadhoun/Desktop/GraduationProject/backend/vendor/laravel/framework/src/Illuminate/Pipeline/Pipeline.php(208): Illuminate\\Http\\Middleware\\TrustProxies->handle(Object(Illuminate\\Http\\Request), Object(Closure))
#40 /Users/alimadhoun/Desktop/GraduationProject/backend/vendor/laravel/framework/src/Illuminate/Foundation/Http/Middleware/InvokeDeferredCallbacks.php(22): Illuminate\\Pipeline\\Pipeline->{closure:{closure:Illuminate\\Pipeline\\Pipeline::carry():183}:184}(Object(Illuminate\\Http\\Request))
#41 /Users/alimadhoun/Desktop/GraduationProject/backend/vendor/laravel/framework/src/Illuminate/Pipeline/Pipeline.php(208): Illuminate\\Foundation\\Http\\Middleware\\InvokeDeferredCallbacks->handle(Object(Illuminate\\Http\\Request), Object(Closure))
#42 /Users/alimadhoun/Desktop/GraduationProject/backend/vendor/laravel/framework/src/Illuminate/Http/Middleware/ValidatePathEncoding.php(26): Illuminate\\Pipeline\\Pipeline->{closure:{closure:Illuminate\\Pipeline\\Pipeline::carry():183}:184}(Object(Illuminate\\Http\\Request))
#43 /Users/alimadhoun/Desktop/GraduationProject/backend/vendor/laravel/framework/src/Illuminate/Pipeline/Pipeline.php(208): Illuminate\\Http\\Middleware\\ValidatePathEncoding->handle(Object(Illuminate\\Http\\Request), Object(Closure))
#44 /Users/alimadhoun/Desktop/GraduationProject/backend/vendor/laravel/framework/src/Illuminate/Pipeline/Pipeline.php(126): Illuminate\\Pipeline\\Pipeline->{closure:{closure:Illuminate\\Pipeline\\Pipeline::carry():183}:184}(Object(Illuminate\\Http\\Request))
#45 /Users/alimadhoun/Desktop/GraduationProject/backend/vendor/laravel/framework/src/Illuminate/Foundation/Http/Kernel.php(175): Illuminate\\Pipeline\\Pipeline->then(Object(Closure))
#46 /Users/alimadhoun/Desktop/GraduationProject/backend/vendor/laravel/framework/src/Illuminate/Foundation/Http/Kernel.php(144): Illuminate\\Foundation\\Http\\Kernel->sendRequestThroughRouter(Object(Illuminate\\Http\\Request))
#47 /Users/alimadhoun/Desktop/GraduationProject/backend/vendor/laravel/framework/src/Illuminate/Foundation/Application.php(1219): Illuminate\\Foundation\\Http\\Kernel->handle(Object(Illuminate\\Http\\Request))
#48 /Users/alimadhoun/Desktop/GraduationProject/backend/public/index.php(20): Illuminate\\Foundation\\Application->handleRequest(Object(Illuminate\\Http\\Request))
#49 /Users/alimadhoun/Desktop/GraduationProject/backend/vendor/laravel/framework/src/Illuminate/Foundation/resources/server.php(23): require_once('/Users/alimadho...')
#50 {main}
"} 
[2025-05-03 10:22:19] local.ERROR: Please provide a valid cache path. {"exception":"[object] (InvalidArgumentException(code: 0): Please provide a valid cache path. at /Users/alimadhoun/Desktop/GraduationProject/backend/vendor/laravel/framework/src/Illuminate/View/Compilers/Compiler.php:66)
[stacktrace]
#0 /Users/alimadhoun/Desktop/GraduationProject/backend/vendor/laravel/framework/src/Illuminate/View/ViewServiceProvider.php(97): Illuminate\\View\\Compilers\\Compiler->__construct(Object(Illuminate\\Filesystem\\Filesystem), false, '', true, 'php')
#1 /Users/alimadhoun/Desktop/GraduationProject/backend/vendor/laravel/framework/src/Illuminate/Container/Container.php(1010): Illuminate\\View\\ViewServiceProvider->{closure:Illuminate\\View\\ViewServiceProvider::registerBladeCompiler():96}(Object(Illuminate\\Foundation\\Application), Array)
#2 /Users/alimadhoun/Desktop/GraduationProject/backend/vendor/laravel/framework/src/Illuminate/Container/Container.php(890): Illuminate\\Container\\Container->build(Object(Closure))
#3 /Users/alimadhoun/Desktop/GraduationProject/backend/vendor/laravel/framework/src/Illuminate/Foundation/Application.php(1077): Illuminate\\Container\\Container->resolve('blade.compiler', Array, true)
#4 /Users/alimadhoun/Desktop/GraduationProject/backend/vendor/laravel/framework/src/Illuminate/Container/Container.php(821): Illuminate\\Foundation\\Application->resolve('blade.compiler', Array)
#5 /Users/alimadhoun/Desktop/GraduationProject/backend/vendor/laravel/framework/src/Illuminate/Foundation/Application.php(1057): Illuminate\\Container\\Container->make('blade.compiler', Array)
#6 /Users/alimadhoun/Desktop/GraduationProject/backend/vendor/laravel/framework/src/Illuminate/View/ViewServiceProvider.php(168): Illuminate\\Foundation\\Application->make('blade.compiler')
#7 [internal function]: Illuminate\\View\\ViewServiceProvider->{closure:Illuminate\\View\\ViewServiceProvider::registerBladeEngine():164}()
#8 /Users/alimadhoun/Desktop/GraduationProject/backend/vendor/laravel/framework/src/Illuminate/View/Engines/EngineResolver.php(55): call_user_func(Object(Closure))
#9 /Users/alimadhoun/Desktop/GraduationProject/backend/vendor/laravel/framework/src/Illuminate/View/Factory.php(325): Illuminate\\View\\Engines\\EngineResolver->resolve('blade')
#10 /Users/alimadhoun/Desktop/GraduationProject/backend/vendor/laravel/framework/src/Illuminate/View/Factory.php(287): Illuminate\\View\\Factory->getEngineFromPath('/Users/alimadho...')
#11 /Users/alimadhoun/Desktop/GraduationProject/backend/vendor/laravel/framework/src/Illuminate/View/Factory.php(159): Illuminate\\View\\Factory->viewInstance('errors::403', '/Users/alimadho...', Array)
#12 /Users/alimadhoun/Desktop/GraduationProject/backend/vendor/laravel/framework/src/Illuminate/Routing/ResponseFactory.php(90): Illuminate\\View\\Factory->make('errors::403', Array)
#13 /Users/alimadhoun/Desktop/GraduationProject/backend/vendor/laravel/framework/src/Illuminate/Foundation/Exceptions/Handler.php(897): Illuminate\\Routing\\ResponseFactory->view('errors::403', Array, 403, Array)
#14 /Users/alimadhoun/Desktop/GraduationProject/backend/vendor/laravel/framework/src/Illuminate/Foundation/Exceptions/Handler.php(818): Illuminate\\Foundation\\Exceptions\\Handler->renderHttpException(Object(Symfony\\Component\\HttpKernel\\Exception\\HttpException))
#15 /Users/alimadhoun/Desktop/GraduationProject/backend/vendor/laravel/framework/src/Illuminate/Foundation/Exceptions/Handler.php(709): Illuminate\\Foundation\\Exceptions\\Handler->prepareResponse(Object(Illuminate\\Http\\Request), Object(Symfony\\Component\\HttpKernel\\Exception\\HttpException))
#16 /Users/alimadhoun/Desktop/GraduationProject/backend/vendor/laravel/framework/src/Illuminate/Foundation/Exceptions/Handler.php(597): Illuminate\\Foundation\\Exceptions\\Handler->renderExceptionResponse(Object(Illuminate\\Http\\Request), Object(Symfony\\Component\\HttpKernel\\Exception\\HttpException))
#17 /Users/alimadhoun/Desktop/GraduationProject/backend/vendor/laravel/framework/src/Illuminate/Routing/Pipeline.php(51): Illuminate\\Foundation\\Exceptions\\Handler->render(Object(Illuminate\\Http\\Request), Object(Symfony\\Component\\HttpKernel\\Exception\\HttpException))
#18 /Users/alimadhoun/Desktop/GraduationProject/backend/vendor/laravel/framework/src/Illuminate/Pipeline/Pipeline.php(171): Illuminate\\Routing\\Pipeline->handleException(Object(Illuminate\\Http\\Request), Object(Symfony\\Component\\HttpKernel\\Exception\\HttpException))
#19 /Users/alimadhoun/Desktop/GraduationProject/backend/vendor/laravel/framework/src/Illuminate/Pipeline/Pipeline.php(126): Illuminate\\Pipeline\\Pipeline->{closure:Illuminate\\Pipeline\\Pipeline::prepareDestination():167}(Object(Illuminate\\Http\\Request))
#20 /Users/alimadhoun/Desktop/GraduationProject/backend/vendor/laravel/framework/src/Illuminate/Routing/Router.php(807): Illuminate\\Pipeline\\Pipeline->then(Object(Closure))
#21 /Users/alimadhoun/Desktop/GraduationProject/backend/vendor/laravel/framework/src/Illuminate/Routing/Router.php(786): Illuminate\\Routing\\Router->runRouteWithinStack(Object(Illuminate\\Routing\\Route), Object(Illuminate\\Http\\Request))
#22 /Users/alimadhoun/Desktop/GraduationProject/backend/vendor/laravel/framework/src/Illuminate/Routing/Router.php(750): Illuminate\\Routing\\Router->runRoute(Object(Illuminate\\Http\\Request), Object(Illuminate\\Routing\\Route))
#23 /Users/alimadhoun/Desktop/GraduationProject/backend/vendor/laravel/framework/src/Illuminate/Routing/Router.php(739): Illuminate\\Routing\\Router->dispatchToRoute(Object(Illuminate\\Http\\Request))
#24 /Users/alimadhoun/Desktop/GraduationProject/backend/vendor/laravel/framework/src/Illuminate/Foundation/Http/Kernel.php(200): Illuminate\\Routing\\Router->dispatch(Object(Illuminate\\Http\\Request))
#25 /Users/alimadhoun/Desktop/GraduationProject/backend/vendor/laravel/framework/src/Illuminate/Pipeline/Pipeline.php(169): Illuminate\\Foundation\\Http\\Kernel->{closure:Illuminate\\Foundation\\Http\\Kernel::dispatchToRouter():197}(Object(Illuminate\\Http\\Request))
#26 /Users/alimadhoun/Desktop/GraduationProject/backend/vendor/laravel/framework/src/Illuminate/Foundation/Http/Middleware/TransformsRequest.php(21): Illuminate\\Pipeline\\Pipeline->{closure:Illuminate\\Pipeline\\Pipeline::prepareDestination():167}(Object(Illuminate\\Http\\Request))
#27 /Users/alimadhoun/Desktop/GraduationProject/backend/vendor/laravel/framework/src/Illuminate/Foundation/Http/Middleware/ConvertEmptyStringsToNull.php(31): Illuminate\\Foundation\\Http\\Middleware\\TransformsRequest->handle(Object(Illuminate\\Http\\Request), Object(Closure))
#28 /Users/alimadhoun/Desktop/GraduationProject/backend/vendor/laravel/framework/src/Illuminate/Pipeline/Pipeline.php(208): Illuminate\\Foundation\\Http\\Middleware\\ConvertEmptyStringsToNull->handle(Object(Illuminate\\Http\\Request), Object(Closure))
#29 /Users/alimadhoun/Desktop/GraduationProject/backend/vendor/laravel/framework/src/Illuminate/Foundation/Http/Middleware/TransformsRequest.php(21): Illuminate\\Pipeline\\Pipeline->{closure:{closure:Illuminate\\Pipeline\\Pipeline::carry():183}:184}(Object(Illuminate\\Http\\Request))
#30 /Users/alimadhoun/Desktop/GraduationProject/backend/vendor/laravel/framework/src/Illuminate/Foundation/Http/Middleware/TrimStrings.php(51): Illuminate\\Foundation\\Http\\Middleware\\TransformsRequest->handle(Object(Illuminate\\Http\\Request), Object(Closure))
#31 /Users/alimadhoun/Desktop/GraduationProject/backend/vendor/laravel/framework/src/Illuminate/Pipeline/Pipeline.php(208): Illuminate\\Foundation\\Http\\Middleware\\TrimStrings->handle(Object(Illuminate\\Http\\Request), Object(Closure))
#32 /Users/alimadhoun/Desktop/GraduationProject/backend/vendor/laravel/framework/src/Illuminate/Http/Middleware/ValidatePostSize.php(27): Illuminate\\Pipeline\\Pipeline->{closure:{closure:Illuminate\\Pipeline\\Pipeline::carry():183}:184}(Object(Illuminate\\Http\\Request))
#33 /Users/alimadhoun/Desktop/GraduationProject/backend/vendor/laravel/framework/src/Illuminate/Pipeline/Pipeline.php(208): Illuminate\\Http\\Middleware\\ValidatePostSize->handle(Object(Illuminate\\Http\\Request), Object(Closure))
#34 /Users/alimadhoun/Desktop/GraduationProject/backend/vendor/laravel/framework/src/Illuminate/Foundation/Http/Middleware/PreventRequestsDuringMaintenance.php(109): Illuminate\\Pipeline\\Pipeline->{closure:{closure:Illuminate\\Pipeline\\Pipeline::carry():183}:184}(Object(Illuminate\\Http\\Request))
#35 /Users/alimadhoun/Desktop/GraduationProject/backend/vendor/laravel/framework/src/Illuminate/Pipeline/Pipeline.php(208): Illuminate\\Foundation\\Http\\Middleware\\PreventRequestsDuringMaintenance->handle(Object(Illuminate\\Http\\Request), Object(Closure))
#36 /Users/alimadhoun/Desktop/GraduationProject/backend/vendor/laravel/framework/src/Illuminate/Http/Middleware/HandleCors.php(48): Illuminate\\Pipeline\\Pipeline->{closure:{closure:Illuminate\\Pipeline\\Pipeline::carry():183}:184}(Object(Illuminate\\Http\\Request))
#37 /Users/alimadhoun/Desktop/GraduationProject/backend/vendor/laravel/framework/src/Illuminate/Pipeline/Pipeline.php(208): Illuminate\\Http\\Middleware\\HandleCors->handle(Object(Illuminate\\Http\\Request), Object(Closure))
#38 /Users/alimadhoun/Desktop/GraduationProject/backend/vendor/laravel/framework/src/Illuminate/Http/Middleware/TrustProxies.php(58): Illuminate\\Pipeline\\Pipeline->{closure:{closure:Illuminate\\Pipeline\\Pipeline::carry():183}:184}(Object(Illuminate\\Http\\Request))
#39 /Users/alimadhoun/Desktop/GraduationProject/backend/vendor/laravel/framework/src/Illuminate/Pipeline/Pipeline.php(208): Illuminate\\Http\\Middleware\\TrustProxies->handle(Object(Illuminate\\Http\\Request), Object(Closure))
#40 /Users/alimadhoun/Desktop/GraduationProject/backend/vendor/laravel/framework/src/Illuminate/Foundation/Http/Middleware/InvokeDeferredCallbacks.php(22): Illuminate\\Pipeline\\Pipeline->{closure:{closure:Illuminate\\Pipeline\\Pipeline::carry():183}:184}(Object(Illuminate\\Http\\Request))
#41 /Users/alimadhoun/Desktop/GraduationProject/backend/vendor/laravel/framework/src/Illuminate/Pipeline/Pipeline.php(208): Illuminate\\Foundation\\Http\\Middleware\\InvokeDeferredCallbacks->handle(Object(Illuminate\\Http\\Request), Object(Closure))
#42 /Users/alimadhoun/Desktop/GraduationProject/backend/vendor/laravel/framework/src/Illuminate/Http/Middleware/ValidatePathEncoding.php(26): Illuminate\\Pipeline\\Pipeline->{closure:{closure:Illuminate\\Pipeline\\Pipeline::carry():183}:184}(Object(Illuminate\\Http\\Request))
#43 /Users/alimadhoun/Desktop/GraduationProject/backend/vendor/laravel/framework/src/Illuminate/Pipeline/Pipeline.php(208): Illuminate\\Http\\Middleware\\ValidatePathEncoding->handle(Object(Illuminate\\Http\\Request), Object(Closure))
#44 /Users/alimadhoun/Desktop/GraduationProject/backend/vendor/laravel/framework/src/Illuminate/Pipeline/Pipeline.php(126): Illuminate\\Pipeline\\Pipeline->{closure:{closure:Illuminate\\Pipeline\\Pipeline::carry():183}:184}(Object(Illuminate\\Http\\Request))
#45 /Users/alimadhoun/Desktop/GraduationProject/backend/vendor/laravel/framework/src/Illuminate/Foundation/Http/Kernel.php(175): Illuminate\\Pipeline\\Pipeline->then(Object(Closure))
#46 /Users/alimadhoun/Desktop/GraduationProject/backend/vendor/laravel/framework/src/Illuminate/Foundation/Http/Kernel.php(144): Illuminate\\Foundation\\Http\\Kernel->sendRequestThroughRouter(Object(Illuminate\\Http\\Request))
#47 /Users/alimadhoun/Desktop/GraduationProject/backend/vendor/laravel/framework/src/Illuminate/Foundation/Application.php(1219): Illuminate\\Foundation\\Http\\Kernel->handle(Object(Illuminate\\Http\\Request))
#48 /Users/alimadhoun/Desktop/GraduationProject/backend/public/index.php(20): Illuminate\\Foundation\\Application->handleRequest(Object(Illuminate\\Http\\Request))
#49 /Users/alimadhoun/Desktop/GraduationProject/backend/vendor/laravel/framework/src/Illuminate/Foundation/resources/server.php(23): require_once('/Users/alimadho...')
#50 {main}
"} 
[2025-05-03 10:22:19] local.ERROR: Please provide a valid cache path. {"exception":"[object] (InvalidArgumentException(code: 0): Please provide a valid cache path. at /Users/alimadhoun/Desktop/GraduationProject/backend/vendor/laravel/framework/src/Illuminate/View/Compilers/Compiler.php:66)
[stacktrace]
#0 /Users/alimadhoun/Desktop/GraduationProject/backend/vendor/laravel/framework/src/Illuminate/View/ViewServiceProvider.php(97): Illuminate\\View\\Compilers\\Compiler->__construct(Object(Illuminate\\Filesystem\\Filesystem), false, '', true, 'php')
#1 /Users/alimadhoun/Desktop/GraduationProject/backend/vendor/laravel/framework/src/Illuminate/Container/Container.php(1010): Illuminate\\View\\ViewServiceProvider->{closure:Illuminate\\View\\ViewServiceProvider::registerBladeCompiler():96}(Object(Illuminate\\Foundation\\Application), Array)
#2 /Users/alimadhoun/Desktop/GraduationProject/backend/vendor/laravel/framework/src/Illuminate/Container/Container.php(890): Illuminate\\Container\\Container->build(Object(Closure))
#3 /Users/alimadhoun/Desktop/GraduationProject/backend/vendor/laravel/framework/src/Illuminate/Foundation/Application.php(1077): Illuminate\\Container\\Container->resolve('blade.compiler', Array, true)
#4 /Users/alimadhoun/Desktop/GraduationProject/backend/vendor/laravel/framework/src/Illuminate/Container/Container.php(821): Illuminate\\Foundation\\Application->resolve('blade.compiler', Array)
#5 /Users/alimadhoun/Desktop/GraduationProject/backend/vendor/laravel/framework/src/Illuminate/Foundation/Application.php(1057): Illuminate\\Container\\Container->make('blade.compiler', Array)
#6 /Users/alimadhoun/Desktop/GraduationProject/backend/vendor/laravel/framework/src/Illuminate/View/ViewServiceProvider.php(168): Illuminate\\Foundation\\Application->make('blade.compiler')
#7 [internal function]: Illuminate\\View\\ViewServiceProvider->{closure:Illuminate\\View\\ViewServiceProvider::registerBladeEngine():164}()
#8 /Users/alimadhoun/Desktop/GraduationProject/backend/vendor/laravel/framework/src/Illuminate/View/Engines/EngineResolver.php(55): call_user_func(Object(Closure))
#9 /Users/alimadhoun/Desktop/GraduationProject/backend/vendor/laravel/framework/src/Illuminate/View/Factory.php(325): Illuminate\\View\\Engines\\EngineResolver->resolve('blade')
#10 /Users/alimadhoun/Desktop/GraduationProject/backend/vendor/laravel/framework/src/Illuminate/View/Factory.php(287): Illuminate\\View\\Factory->getEngineFromPath('/Users/alimadho...')
#11 /Users/alimadhoun/Desktop/GraduationProject/backend/vendor/laravel/framework/src/Illuminate/View/Factory.php(159): Illuminate\\View\\Factory->viewInstance('errors::403', '/Users/alimadho...', Array)
#12 /Users/alimadhoun/Desktop/GraduationProject/backend/vendor/laravel/framework/src/Illuminate/Routing/ResponseFactory.php(90): Illuminate\\View\\Factory->make('errors::403', Array)
#13 /Users/alimadhoun/Desktop/GraduationProject/backend/vendor/laravel/framework/src/Illuminate/Foundation/Exceptions/Handler.php(897): Illuminate\\Routing\\ResponseFactory->view('errors::403', Array, 403, Array)
#14 /Users/alimadhoun/Desktop/GraduationProject/backend/vendor/laravel/framework/src/Illuminate/Foundation/Exceptions/Handler.php(818): Illuminate\\Foundation\\Exceptions\\Handler->renderHttpException(Object(Symfony\\Component\\HttpKernel\\Exception\\HttpException))
#15 /Users/alimadhoun/Desktop/GraduationProject/backend/vendor/laravel/framework/src/Illuminate/Foundation/Exceptions/Handler.php(709): Illuminate\\Foundation\\Exceptions\\Handler->prepareResponse(Object(Illuminate\\Http\\Request), Object(Symfony\\Component\\HttpKernel\\Exception\\HttpException))
#16 /Users/alimadhoun/Desktop/GraduationProject/backend/vendor/laravel/framework/src/Illuminate/Foundation/Exceptions/Handler.php(597): Illuminate\\Foundation\\Exceptions\\Handler->renderExceptionResponse(Object(Illuminate\\Http\\Request), Object(Symfony\\Component\\HttpKernel\\Exception\\HttpException))
#17 /Users/alimadhoun/Desktop/GraduationProject/backend/vendor/laravel/framework/src/Illuminate/Routing/Pipeline.php(51): Illuminate\\Foundation\\Exceptions\\Handler->render(Object(Illuminate\\Http\\Request), Object(Symfony\\Component\\HttpKernel\\Exception\\HttpException))
#18 /Users/alimadhoun/Desktop/GraduationProject/backend/vendor/laravel/framework/src/Illuminate/Pipeline/Pipeline.php(171): Illuminate\\Routing\\Pipeline->handleException(Object(Illuminate\\Http\\Request), Object(Symfony\\Component\\HttpKernel\\Exception\\HttpException))
#19 /Users/alimadhoun/Desktop/GraduationProject/backend/vendor/laravel/framework/src/Illuminate/Pipeline/Pipeline.php(126): Illuminate\\Pipeline\\Pipeline->{closure:Illuminate\\Pipeline\\Pipeline::prepareDestination():167}(Object(Illuminate\\Http\\Request))
#20 /Users/alimadhoun/Desktop/GraduationProject/backend/vendor/laravel/framework/src/Illuminate/Routing/Router.php(807): Illuminate\\Pipeline\\Pipeline->then(Object(Closure))
#21 /Users/alimadhoun/Desktop/GraduationProject/backend/vendor/laravel/framework/src/Illuminate/Routing/Router.php(786): Illuminate\\Routing\\Router->runRouteWithinStack(Object(Illuminate\\Routing\\Route), Object(Illuminate\\Http\\Request))
#22 /Users/alimadhoun/Desktop/GraduationProject/backend/vendor/laravel/framework/src/Illuminate/Routing/Router.php(750): Illuminate\\Routing\\Router->runRoute(Object(Illuminate\\Http\\Request), Object(Illuminate\\Routing\\Route))
#23 /Users/alimadhoun/Desktop/GraduationProject/backend/vendor/laravel/framework/src/Illuminate/Routing/Router.php(739): Illuminate\\Routing\\Router->dispatchToRoute(Object(Illuminate\\Http\\Request))
#24 /Users/alimadhoun/Desktop/GraduationProject/backend/vendor/laravel/framework/src/Illuminate/Foundation/Http/Kernel.php(200): Illuminate\\Routing\\Router->dispatch(Object(Illuminate\\Http\\Request))
#25 /Users/alimadhoun/Desktop/GraduationProject/backend/vendor/laravel/framework/src/Illuminate/Pipeline/Pipeline.php(169): Illuminate\\Foundation\\Http\\Kernel->{closure:Illuminate\\Foundation\\Http\\Kernel::dispatchToRouter():197}(Object(Illuminate\\Http\\Request))
#26 /Users/alimadhoun/Desktop/GraduationProject/backend/vendor/laravel/framework/src/Illuminate/Foundation/Http/Middleware/TransformsRequest.php(21): Illuminate\\Pipeline\\Pipeline->{closure:Illuminate\\Pipeline\\Pipeline::prepareDestination():167}(Object(Illuminate\\Http\\Request))
#27 /Users/alimadhoun/Desktop/GraduationProject/backend/vendor/laravel/framework/src/Illuminate/Foundation/Http/Middleware/ConvertEmptyStringsToNull.php(31): Illuminate\\Foundation\\Http\\Middleware\\TransformsRequest->handle(Object(Illuminate\\Http\\Request), Object(Closure))
#28 /Users/alimadhoun/Desktop/GraduationProject/backend/vendor/laravel/framework/src/Illuminate/Pipeline/Pipeline.php(208): Illuminate\\Foundation\\Http\\Middleware\\ConvertEmptyStringsToNull->handle(Object(Illuminate\\Http\\Request), Object(Closure))
#29 /Users/alimadhoun/Desktop/GraduationProject/backend/vendor/laravel/framework/src/Illuminate/Foundation/Http/Middleware/TransformsRequest.php(21): Illuminate\\Pipeline\\Pipeline->{closure:{closure:Illuminate\\Pipeline\\Pipeline::carry():183}:184}(Object(Illuminate\\Http\\Request))
#30 /Users/alimadhoun/Desktop/GraduationProject/backend/vendor/laravel/framework/src/Illuminate/Foundation/Http/Middleware/TrimStrings.php(51): Illuminate\\Foundation\\Http\\Middleware\\TransformsRequest->handle(Object(Illuminate\\Http\\Request), Object(Closure))
#31 /Users/alimadhoun/Desktop/GraduationProject/backend/vendor/laravel/framework/src/Illuminate/Pipeline/Pipeline.php(208): Illuminate\\Foundation\\Http\\Middleware\\TrimStrings->handle(Object(Illuminate\\Http\\Request), Object(Closure))
#32 /Users/alimadhoun/Desktop/GraduationProject/backend/vendor/laravel/framework/src/Illuminate/Http/Middleware/ValidatePostSize.php(27): Illuminate\\Pipeline\\Pipeline->{closure:{closure:Illuminate\\Pipeline\\Pipeline::carry():183}:184}(Object(Illuminate\\Http\\Request))
#33 /Users/alimadhoun/Desktop/GraduationProject/backend/vendor/laravel/framework/src/Illuminate/Pipeline/Pipeline.php(208): Illuminate\\Http\\Middleware\\ValidatePostSize->handle(Object(Illuminate\\Http\\Request), Object(Closure))
#34 /Users/alimadhoun/Desktop/GraduationProject/backend/vendor/laravel/framework/src/Illuminate/Foundation/Http/Middleware/PreventRequestsDuringMaintenance.php(109): Illuminate\\Pipeline\\Pipeline->{closure:{closure:Illuminate\\Pipeline\\Pipeline::carry():183}:184}(Object(Illuminate\\Http\\Request))
#35 /Users/alimadhoun/Desktop/GraduationProject/backend/vendor/laravel/framework/src/Illuminate/Pipeline/Pipeline.php(208): Illuminate\\Foundation\\Http\\Middleware\\PreventRequestsDuringMaintenance->handle(Object(Illuminate\\Http\\Request), Object(Closure))
#36 /Users/alimadhoun/Desktop/GraduationProject/backend/vendor/laravel/framework/src/Illuminate/Http/Middleware/HandleCors.php(48): Illuminate\\Pipeline\\Pipeline->{closure:{closure:Illuminate\\Pipeline\\Pipeline::carry():183}:184}(Object(Illuminate\\Http\\Request))
#37 /Users/alimadhoun/Desktop/GraduationProject/backend/vendor/laravel/framework/src/Illuminate/Pipeline/Pipeline.php(208): Illuminate\\Http\\Middleware\\HandleCors->handle(Object(Illuminate\\Http\\Request), Object(Closure))
#38 /Users/alimadhoun/Desktop/GraduationProject/backend/vendor/laravel/framework/src/Illuminate/Http/Middleware/TrustProxies.php(58): Illuminate\\Pipeline\\Pipeline->{closure:{closure:Illuminate\\Pipeline\\Pipeline::carry():183}:184}(Object(Illuminate\\Http\\Request))
#39 /Users/alimadhoun/Desktop/GraduationProject/backend/vendor/laravel/framework/src/Illuminate/Pipeline/Pipeline.php(208): Illuminate\\Http\\Middleware\\TrustProxies->handle(Object(Illuminate\\Http\\Request), Object(Closure))
#40 /Users/alimadhoun/Desktop/GraduationProject/backend/vendor/laravel/framework/src/Illuminate/Foundation/Http/Middleware/InvokeDeferredCallbacks.php(22): Illuminate\\Pipeline\\Pipeline->{closure:{closure:Illuminate\\Pipeline\\Pipeline::carry():183}:184}(Object(Illuminate\\Http\\Request))
#41 /Users/alimadhoun/Desktop/GraduationProject/backend/vendor/laravel/framework/src/Illuminate/Pipeline/Pipeline.php(208): Illuminate\\Foundation\\Http\\Middleware\\InvokeDeferredCallbacks->handle(Object(Illuminate\\Http\\Request), Object(Closure))
#42 /Users/alimadhoun/Desktop/GraduationProject/backend/vendor/laravel/framework/src/Illuminate/Http/Middleware/ValidatePathEncoding.php(26): Illuminate\\Pipeline\\Pipeline->{closure:{closure:Illuminate\\Pipeline\\Pipeline::carry():183}:184}(Object(Illuminate\\Http\\Request))
#43 /Users/alimadhoun/Desktop/GraduationProject/backend/vendor/laravel/framework/src/Illuminate/Pipeline/Pipeline.php(208): Illuminate\\Http\\Middleware\\ValidatePathEncoding->handle(Object(Illuminate\\Http\\Request), Object(Closure))
#44 /Users/alimadhoun/Desktop/GraduationProject/backend/vendor/laravel/framework/src/Illuminate/Pipeline/Pipeline.php(126): Illuminate\\Pipeline\\Pipeline->{closure:{closure:Illuminate\\Pipeline\\Pipeline::carry():183}:184}(Object(Illuminate\\Http\\Request))
#45 /Users/alimadhoun/Desktop/GraduationProject/backend/vendor/laravel/framework/src/Illuminate/Foundation/Http/Kernel.php(175): Illuminate\\Pipeline\\Pipeline->then(Object(Closure))
#46 /Users/alimadhoun/Desktop/GraduationProject/backend/vendor/laravel/framework/src/Illuminate/Foundation/Http/Kernel.php(144): Illuminate\\Foundation\\Http\\Kernel->sendRequestThroughRouter(Object(Illuminate\\Http\\Request))
#47 /Users/alimadhoun/Desktop/GraduationProject/backend/vendor/laravel/framework/src/Illuminate/Foundation/Application.php(1219): Illuminate\\Foundation\\Http\\Kernel->handle(Object(Illuminate\\Http\\Request))
#48 /Users/alimadhoun/Desktop/GraduationProject/backend/public/index.php(20): Illuminate\\Foundation\\Application->handleRequest(Object(Illuminate\\Http\\Request))
#49 /Users/alimadhoun/Desktop/GraduationProject/backend/vendor/laravel/framework/src/Illuminate/Foundation/resources/server.php(23): require_once('/Users/alimadho...')
#50 {main}
"} 
[2025-05-03 10:22:20] local.ERROR: Please provide a valid cache path. {"exception":"[object] (InvalidArgumentException(code: 0): Please provide a valid cache path. at /Users/alimadhoun/Desktop/GraduationProject/backend/vendor/laravel/framework/src/Illuminate/View/Compilers/Compiler.php:66)
[stacktrace]
#0 /Users/alimadhoun/Desktop/GraduationProject/backend/vendor/laravel/framework/src/Illuminate/View/ViewServiceProvider.php(97): Illuminate\\View\\Compilers\\Compiler->__construct(Object(Illuminate\\Filesystem\\Filesystem), false, '', true, 'php')
#1 /Users/alimadhoun/Desktop/GraduationProject/backend/vendor/laravel/framework/src/Illuminate/Container/Container.php(1010): Illuminate\\View\\ViewServiceProvider->{closure:Illuminate\\View\\ViewServiceProvider::registerBladeCompiler():96}(Object(Illuminate\\Foundation\\Application), Array)
#2 /Users/alimadhoun/Desktop/GraduationProject/backend/vendor/laravel/framework/src/Illuminate/Container/Container.php(890): Illuminate\\Container\\Container->build(Object(Closure))
#3 /Users/alimadhoun/Desktop/GraduationProject/backend/vendor/laravel/framework/src/Illuminate/Foundation/Application.php(1077): Illuminate\\Container\\Container->resolve('blade.compiler', Array, true)
#4 /Users/alimadhoun/Desktop/GraduationProject/backend/vendor/laravel/framework/src/Illuminate/Container/Container.php(821): Illuminate\\Foundation\\Application->resolve('blade.compiler', Array)
#5 /Users/alimadhoun/Desktop/GraduationProject/backend/vendor/laravel/framework/src/Illuminate/Foundation/Application.php(1057): Illuminate\\Container\\Container->make('blade.compiler', Array)
#6 /Users/alimadhoun/Desktop/GraduationProject/backend/vendor/laravel/framework/src/Illuminate/View/ViewServiceProvider.php(168): Illuminate\\Foundation\\Application->make('blade.compiler')
#7 [internal function]: Illuminate\\View\\ViewServiceProvider->{closure:Illuminate\\View\\ViewServiceProvider::registerBladeEngine():164}()
#8 /Users/alimadhoun/Desktop/GraduationProject/backend/vendor/laravel/framework/src/Illuminate/View/Engines/EngineResolver.php(55): call_user_func(Object(Closure))
#9 /Users/alimadhoun/Desktop/GraduationProject/backend/vendor/laravel/framework/src/Illuminate/View/Factory.php(325): Illuminate\\View\\Engines\\EngineResolver->resolve('blade')
#10 /Users/alimadhoun/Desktop/GraduationProject/backend/vendor/laravel/framework/src/Illuminate/View/Factory.php(287): Illuminate\\View\\Factory->getEngineFromPath('/Users/alimadho...')
#11 /Users/alimadhoun/Desktop/GraduationProject/backend/vendor/laravel/framework/src/Illuminate/View/Factory.php(159): Illuminate\\View\\Factory->viewInstance('errors::403', '/Users/alimadho...', Array)
#12 /Users/alimadhoun/Desktop/GraduationProject/backend/vendor/laravel/framework/src/Illuminate/Routing/ResponseFactory.php(90): Illuminate\\View\\Factory->make('errors::403', Array)
#13 /Users/alimadhoun/Desktop/GraduationProject/backend/vendor/laravel/framework/src/Illuminate/Foundation/Exceptions/Handler.php(897): Illuminate\\Routing\\ResponseFactory->view('errors::403', Array, 403, Array)
#14 /Users/alimadhoun/Desktop/GraduationProject/backend/vendor/laravel/framework/src/Illuminate/Foundation/Exceptions/Handler.php(818): Illuminate\\Foundation\\Exceptions\\Handler->renderHttpException(Object(Symfony\\Component\\HttpKernel\\Exception\\HttpException))
#15 /Users/alimadhoun/Desktop/GraduationProject/backend/vendor/laravel/framework/src/Illuminate/Foundation/Exceptions/Handler.php(709): Illuminate\\Foundation\\Exceptions\\Handler->prepareResponse(Object(Illuminate\\Http\\Request), Object(Symfony\\Component\\HttpKernel\\Exception\\HttpException))
#16 /Users/alimadhoun/Desktop/GraduationProject/backend/vendor/laravel/framework/src/Illuminate/Foundation/Exceptions/Handler.php(597): Illuminate\\Foundation\\Exceptions\\Handler->renderExceptionResponse(Object(Illuminate\\Http\\Request), Object(Symfony\\Component\\HttpKernel\\Exception\\HttpException))
#17 /Users/alimadhoun/Desktop/GraduationProject/backend/vendor/laravel/framework/src/Illuminate/Routing/Pipeline.php(51): Illuminate\\Foundation\\Exceptions\\Handler->render(Object(Illuminate\\Http\\Request), Object(Symfony\\Component\\HttpKernel\\Exception\\HttpException))
#18 /Users/alimadhoun/Desktop/GraduationProject/backend/vendor/laravel/framework/src/Illuminate/Pipeline/Pipeline.php(171): Illuminate\\Routing\\Pipeline->handleException(Object(Illuminate\\Http\\Request), Object(Symfony\\Component\\HttpKernel\\Exception\\HttpException))
#19 /Users/alimadhoun/Desktop/GraduationProject/backend/vendor/laravel/framework/src/Illuminate/Pipeline/Pipeline.php(126): Illuminate\\Pipeline\\Pipeline->{closure:Illuminate\\Pipeline\\Pipeline::prepareDestination():167}(Object(Illuminate\\Http\\Request))
#20 /Users/alimadhoun/Desktop/GraduationProject/backend/vendor/laravel/framework/src/Illuminate/Routing/Router.php(807): Illuminate\\Pipeline\\Pipeline->then(Object(Closure))
#21 /Users/alimadhoun/Desktop/GraduationProject/backend/vendor/laravel/framework/src/Illuminate/Routing/Router.php(786): Illuminate\\Routing\\Router->runRouteWithinStack(Object(Illuminate\\Routing\\Route), Object(Illuminate\\Http\\Request))
#22 /Users/alimadhoun/Desktop/GraduationProject/backend/vendor/laravel/framework/src/Illuminate/Routing/Router.php(750): Illuminate\\Routing\\Router->runRoute(Object(Illuminate\\Http\\Request), Object(Illuminate\\Routing\\Route))
#23 /Users/alimadhoun/Desktop/GraduationProject/backend/vendor/laravel/framework/src/Illuminate/Routing/Router.php(739): Illuminate\\Routing\\Router->dispatchToRoute(Object(Illuminate\\Http\\Request))
#24 /Users/alimadhoun/Desktop/GraduationProject/backend/vendor/laravel/framework/src/Illuminate/Foundation/Http/Kernel.php(200): Illuminate\\Routing\\Router->dispatch(Object(Illuminate\\Http\\Request))
#25 /Users/alimadhoun/Desktop/GraduationProject/backend/vendor/laravel/framework/src/Illuminate/Pipeline/Pipeline.php(169): Illuminate\\Foundation\\Http\\Kernel->{closure:Illuminate\\Foundation\\Http\\Kernel::dispatchToRouter():197}(Object(Illuminate\\Http\\Request))
#26 /Users/alimadhoun/Desktop/GraduationProject/backend/vendor/laravel/framework/src/Illuminate/Foundation/Http/Middleware/TransformsRequest.php(21): Illuminate\\Pipeline\\Pipeline->{closure:Illuminate\\Pipeline\\Pipeline::prepareDestination():167}(Object(Illuminate\\Http\\Request))
#27 /Users/alimadhoun/Desktop/GraduationProject/backend/vendor/laravel/framework/src/Illuminate/Foundation/Http/Middleware/ConvertEmptyStringsToNull.php(31): Illuminate\\Foundation\\Http\\Middleware\\TransformsRequest->handle(Object(Illuminate\\Http\\Request), Object(Closure))
#28 /Users/alimadhoun/Desktop/GraduationProject/backend/vendor/laravel/framework/src/Illuminate/Pipeline/Pipeline.php(208): Illuminate\\Foundation\\Http\\Middleware\\ConvertEmptyStringsToNull->handle(Object(Illuminate\\Http\\Request), Object(Closure))
#29 /Users/alimadhoun/Desktop/GraduationProject/backend/vendor/laravel/framework/src/Illuminate/Foundation/Http/Middleware/TransformsRequest.php(21): Illuminate\\Pipeline\\Pipeline->{closure:{closure:Illuminate\\Pipeline\\Pipeline::carry():183}:184}(Object(Illuminate\\Http\\Request))
#30 /Users/alimadhoun/Desktop/GraduationProject/backend/vendor/laravel/framework/src/Illuminate/Foundation/Http/Middleware/TrimStrings.php(51): Illuminate\\Foundation\\Http\\Middleware\\TransformsRequest->handle(Object(Illuminate\\Http\\Request), Object(Closure))
#31 /Users/alimadhoun/Desktop/GraduationProject/backend/vendor/laravel/framework/src/Illuminate/Pipeline/Pipeline.php(208): Illuminate\\Foundation\\Http\\Middleware\\TrimStrings->handle(Object(Illuminate\\Http\\Request), Object(Closure))
#32 /Users/alimadhoun/Desktop/GraduationProject/backend/vendor/laravel/framework/src/Illuminate/Http/Middleware/ValidatePostSize.php(27): Illuminate\\Pipeline\\Pipeline->{closure:{closure:Illuminate\\Pipeline\\Pipeline::carry():183}:184}(Object(Illuminate\\Http\\Request))
#33 /Users/alimadhoun/Desktop/GraduationProject/backend/vendor/laravel/framework/src/Illuminate/Pipeline/Pipeline.php(208): Illuminate\\Http\\Middleware\\ValidatePostSize->handle(Object(Illuminate\\Http\\Request), Object(Closure))
#34 /Users/alimadhoun/Desktop/GraduationProject/backend/vendor/laravel/framework/src/Illuminate/Foundation/Http/Middleware/PreventRequestsDuringMaintenance.php(109): Illuminate\\Pipeline\\Pipeline->{closure:{closure:Illuminate\\Pipeline\\Pipeline::carry():183}:184}(Object(Illuminate\\Http\\Request))
#35 /Users/alimadhoun/Desktop/GraduationProject/backend/vendor/laravel/framework/src/Illuminate/Pipeline/Pipeline.php(208): Illuminate\\Foundation\\Http\\Middleware\\PreventRequestsDuringMaintenance->handle(Object(Illuminate\\Http\\Request), Object(Closure))
#36 /Users/alimadhoun/Desktop/GraduationProject/backend/vendor/laravel/framework/src/Illuminate/Http/Middleware/HandleCors.php(48): Illuminate\\Pipeline\\Pipeline->{closure:{closure:Illuminate\\Pipeline\\Pipeline::carry():183}:184}(Object(Illuminate\\Http\\Request))
#37 /Users/alimadhoun/Desktop/GraduationProject/backend/vendor/laravel/framework/src/Illuminate/Pipeline/Pipeline.php(208): Illuminate\\Http\\Middleware\\HandleCors->handle(Object(Illuminate\\Http\\Request), Object(Closure))
#38 /Users/alimadhoun/Desktop/GraduationProject/backend/vendor/laravel/framework/src/Illuminate/Http/Middleware/TrustProxies.php(58): Illuminate\\Pipeline\\Pipeline->{closure:{closure:Illuminate\\Pipeline\\Pipeline::carry():183}:184}(Object(Illuminate\\Http\\Request))
#39 /Users/alimadhoun/Desktop/GraduationProject/backend/vendor/laravel/framework/src/Illuminate/Pipeline/Pipeline.php(208): Illuminate\\Http\\Middleware\\TrustProxies->handle(Object(Illuminate\\Http\\Request), Object(Closure))
#40 /Users/alimadhoun/Desktop/GraduationProject/backend/vendor/laravel/framework/src/Illuminate/Foundation/Http/Middleware/InvokeDeferredCallbacks.php(22): Illuminate\\Pipeline\\Pipeline->{closure:{closure:Illuminate\\Pipeline\\Pipeline::carry():183}:184}(Object(Illuminate\\Http\\Request))
#41 /Users/alimadhoun/Desktop/GraduationProject/backend/vendor/laravel/framework/src/Illuminate/Pipeline/Pipeline.php(208): Illuminate\\Foundation\\Http\\Middleware\\InvokeDeferredCallbacks->handle(Object(Illuminate\\Http\\Request), Object(Closure))
#42 /Users/alimadhoun/Desktop/GraduationProject/backend/vendor/laravel/framework/src/Illuminate/Http/Middleware/ValidatePathEncoding.php(26): Illuminate\\Pipeline\\Pipeline->{closure:{closure:Illuminate\\Pipeline\\Pipeline::carry():183}:184}(Object(Illuminate\\Http\\Request))
#43 /Users/alimadhoun/Desktop/GraduationProject/backend/vendor/laravel/framework/src/Illuminate/Pipeline/Pipeline.php(208): Illuminate\\Http\\Middleware\\ValidatePathEncoding->handle(Object(Illuminate\\Http\\Request), Object(Closure))
#44 /Users/alimadhoun/Desktop/GraduationProject/backend/vendor/laravel/framework/src/Illuminate/Pipeline/Pipeline.php(126): Illuminate\\Pipeline\\Pipeline->{closure:{closure:Illuminate\\Pipeline\\Pipeline::carry():183}:184}(Object(Illuminate\\Http\\Request))
#45 /Users/alimadhoun/Desktop/GraduationProject/backend/vendor/laravel/framework/src/Illuminate/Foundation/Http/Kernel.php(175): Illuminate\\Pipeline\\Pipeline->then(Object(Closure))
#46 /Users/alimadhoun/Desktop/GraduationProject/backend/vendor/laravel/framework/src/Illuminate/Foundation/Http/Kernel.php(144): Illuminate\\Foundation\\Http\\Kernel->sendRequestThroughRouter(Object(Illuminate\\Http\\Request))
#47 /Users/alimadhoun/Desktop/GraduationProject/backend/vendor/laravel/framework/src/Illuminate/Foundation/Application.php(1219): Illuminate\\Foundation\\Http\\Kernel->handle(Object(Illuminate\\Http\\Request))
#48 /Users/alimadhoun/Desktop/GraduationProject/backend/public/index.php(20): Illuminate\\Foundation\\Application->handleRequest(Object(Illuminate\\Http\\Request))
#49 /Users/alimadhoun/Desktop/GraduationProject/backend/vendor/laravel/framework/src/Illuminate/Foundation/resources/server.php(23): require_once('/Users/alimadho...')
#50 {main}
"} 
[2025-05-03 10:22:20] local.ERROR: Please provide a valid cache path. {"exception":"[object] (InvalidArgumentException(code: 0): Please provide a valid cache path. at /Users/alimadhoun/Desktop/GraduationProject/backend/vendor/laravel/framework/src/Illuminate/View/Compilers/Compiler.php:66)
[stacktrace]
#0 /Users/alimadhoun/Desktop/GraduationProject/backend/vendor/laravel/framework/src/Illuminate/View/ViewServiceProvider.php(97): Illuminate\\View\\Compilers\\Compiler->__construct(Object(Illuminate\\Filesystem\\Filesystem), false, '', true, 'php')
#1 /Users/alimadhoun/Desktop/GraduationProject/backend/vendor/laravel/framework/src/Illuminate/Container/Container.php(1010): Illuminate\\View\\ViewServiceProvider->{closure:Illuminate\\View\\ViewServiceProvider::registerBladeCompiler():96}(Object(Illuminate\\Foundation\\Application), Array)
#2 /Users/alimadhoun/Desktop/GraduationProject/backend/vendor/laravel/framework/src/Illuminate/Container/Container.php(890): Illuminate\\Container\\Container->build(Object(Closure))
#3 /Users/alimadhoun/Desktop/GraduationProject/backend/vendor/laravel/framework/src/Illuminate/Foundation/Application.php(1077): Illuminate\\Container\\Container->resolve('blade.compiler', Array, true)
#4 /Users/alimadhoun/Desktop/GraduationProject/backend/vendor/laravel/framework/src/Illuminate/Container/Container.php(821): Illuminate\\Foundation\\Application->resolve('blade.compiler', Array)
#5 /Users/alimadhoun/Desktop/GraduationProject/backend/vendor/laravel/framework/src/Illuminate/Foundation/Application.php(1057): Illuminate\\Container\\Container->make('blade.compiler', Array)
#6 /Users/alimadhoun/Desktop/GraduationProject/backend/vendor/laravel/framework/src/Illuminate/View/ViewServiceProvider.php(168): Illuminate\\Foundation\\Application->make('blade.compiler')
#7 [internal function]: Illuminate\\View\\ViewServiceProvider->{closure:Illuminate\\View\\ViewServiceProvider::registerBladeEngine():164}()
#8 /Users/alimadhoun/Desktop/GraduationProject/backend/vendor/laravel/framework/src/Illuminate/View/Engines/EngineResolver.php(55): call_user_func(Object(Closure))
#9 /Users/alimadhoun/Desktop/GraduationProject/backend/vendor/laravel/framework/src/Illuminate/View/Factory.php(325): Illuminate\\View\\Engines\\EngineResolver->resolve('blade')
#10 /Users/alimadhoun/Desktop/GraduationProject/backend/vendor/laravel/framework/src/Illuminate/View/Factory.php(287): Illuminate\\View\\Factory->getEngineFromPath('/Users/alimadho...')
#11 /Users/alimadhoun/Desktop/GraduationProject/backend/vendor/laravel/framework/src/Illuminate/View/Factory.php(159): Illuminate\\View\\Factory->viewInstance('errors::403', '/Users/alimadho...', Array)
#12 /Users/alimadhoun/Desktop/GraduationProject/backend/vendor/laravel/framework/src/Illuminate/Routing/ResponseFactory.php(90): Illuminate\\View\\Factory->make('errors::403', Array)
#13 /Users/alimadhoun/Desktop/GraduationProject/backend/vendor/laravel/framework/src/Illuminate/Foundation/Exceptions/Handler.php(897): Illuminate\\Routing\\ResponseFactory->view('errors::403', Array, 403, Array)
#14 /Users/alimadhoun/Desktop/GraduationProject/backend/vendor/laravel/framework/src/Illuminate/Foundation/Exceptions/Handler.php(818): Illuminate\\Foundation\\Exceptions\\Handler->renderHttpException(Object(Symfony\\Component\\HttpKernel\\Exception\\HttpException))
#15 /Users/alimadhoun/Desktop/GraduationProject/backend/vendor/laravel/framework/src/Illuminate/Foundation/Exceptions/Handler.php(709): Illuminate\\Foundation\\Exceptions\\Handler->prepareResponse(Object(Illuminate\\Http\\Request), Object(Symfony\\Component\\HttpKernel\\Exception\\HttpException))
#16 /Users/alimadhoun/Desktop/GraduationProject/backend/vendor/laravel/framework/src/Illuminate/Foundation/Exceptions/Handler.php(597): Illuminate\\Foundation\\Exceptions\\Handler->renderExceptionResponse(Object(Illuminate\\Http\\Request), Object(Symfony\\Component\\HttpKernel\\Exception\\HttpException))
#17 /Users/alimadhoun/Desktop/GraduationProject/backend/vendor/laravel/framework/src/Illuminate/Routing/Pipeline.php(51): Illuminate\\Foundation\\Exceptions\\Handler->render(Object(Illuminate\\Http\\Request), Object(Symfony\\Component\\HttpKernel\\Exception\\HttpException))
#18 /Users/alimadhoun/Desktop/GraduationProject/backend/vendor/laravel/framework/src/Illuminate/Pipeline/Pipeline.php(171): Illuminate\\Routing\\Pipeline->handleException(Object(Illuminate\\Http\\Request), Object(Symfony\\Component\\HttpKernel\\Exception\\HttpException))
#19 /Users/alimadhoun/Desktop/GraduationProject/backend/vendor/laravel/framework/src/Illuminate/Pipeline/Pipeline.php(126): Illuminate\\Pipeline\\Pipeline->{closure:Illuminate\\Pipeline\\Pipeline::prepareDestination():167}(Object(Illuminate\\Http\\Request))
#20 /Users/alimadhoun/Desktop/GraduationProject/backend/vendor/laravel/framework/src/Illuminate/Routing/Router.php(807): Illuminate\\Pipeline\\Pipeline->then(Object(Closure))
#21 /Users/alimadhoun/Desktop/GraduationProject/backend/vendor/laravel/framework/src/Illuminate/Routing/Router.php(786): Illuminate\\Routing\\Router->runRouteWithinStack(Object(Illuminate\\Routing\\Route), Object(Illuminate\\Http\\Request))
#22 /Users/alimadhoun/Desktop/GraduationProject/backend/vendor/laravel/framework/src/Illuminate/Routing/Router.php(750): Illuminate\\Routing\\Router->runRoute(Object(Illuminate\\Http\\Request), Object(Illuminate\\Routing\\Route))
#23 /Users/alimadhoun/Desktop/GraduationProject/backend/vendor/laravel/framework/src/Illuminate/Routing/Router.php(739): Illuminate\\Routing\\Router->dispatchToRoute(Object(Illuminate\\Http\\Request))
#24 /Users/alimadhoun/Desktop/GraduationProject/backend/vendor/laravel/framework/src/Illuminate/Foundation/Http/Kernel.php(200): Illuminate\\Routing\\Router->dispatch(Object(Illuminate\\Http\\Request))
#25 /Users/alimadhoun/Desktop/GraduationProject/backend/vendor/laravel/framework/src/Illuminate/Pipeline/Pipeline.php(169): Illuminate\\Foundation\\Http\\Kernel->{closure:Illuminate\\Foundation\\Http\\Kernel::dispatchToRouter():197}(Object(Illuminate\\Http\\Request))
#26 /Users/alimadhoun/Desktop/GraduationProject/backend/vendor/laravel/framework/src/Illuminate/Foundation/Http/Middleware/TransformsRequest.php(21): Illuminate\\Pipeline\\Pipeline->{closure:Illuminate\\Pipeline\\Pipeline::prepareDestination():167}(Object(Illuminate\\Http\\Request))
#27 /Users/alimadhoun/Desktop/GraduationProject/backend/vendor/laravel/framework/src/Illuminate/Foundation/Http/Middleware/ConvertEmptyStringsToNull.php(31): Illuminate\\Foundation\\Http\\Middleware\\TransformsRequest->handle(Object(Illuminate\\Http\\Request), Object(Closure))
#28 /Users/alimadhoun/Desktop/GraduationProject/backend/vendor/laravel/framework/src/Illuminate/Pipeline/Pipeline.php(208): Illuminate\\Foundation\\Http\\Middleware\\ConvertEmptyStringsToNull->handle(Object(Illuminate\\Http\\Request), Object(Closure))
#29 /Users/alimadhoun/Desktop/GraduationProject/backend/vendor/laravel/framework/src/Illuminate/Foundation/Http/Middleware/TransformsRequest.php(21): Illuminate\\Pipeline\\Pipeline->{closure:{closure:Illuminate\\Pipeline\\Pipeline::carry():183}:184}(Object(Illuminate\\Http\\Request))
#30 /Users/alimadhoun/Desktop/GraduationProject/backend/vendor/laravel/framework/src/Illuminate/Foundation/Http/Middleware/TrimStrings.php(51): Illuminate\\Foundation\\Http\\Middleware\\TransformsRequest->handle(Object(Illuminate\\Http\\Request), Object(Closure))
#31 /Users/alimadhoun/Desktop/GraduationProject/backend/vendor/laravel/framework/src/Illuminate/Pipeline/Pipeline.php(208): Illuminate\\Foundation\\Http\\Middleware\\TrimStrings->handle(Object(Illuminate\\Http\\Request), Object(Closure))
#32 /Users/alimadhoun/Desktop/GraduationProject/backend/vendor/laravel/framework/src/Illuminate/Http/Middleware/ValidatePostSize.php(27): Illuminate\\Pipeline\\Pipeline->{closure:{closure:Illuminate\\Pipeline\\Pipeline::carry():183}:184}(Object(Illuminate\\Http\\Request))
#33 /Users/alimadhoun/Desktop/GraduationProject/backend/vendor/laravel/framework/src/Illuminate/Pipeline/Pipeline.php(208): Illuminate\\Http\\Middleware\\ValidatePostSize->handle(Object(Illuminate\\Http\\Request), Object(Closure))
#34 /Users/alimadhoun/Desktop/GraduationProject/backend/vendor/laravel/framework/src/Illuminate/Foundation/Http/Middleware/PreventRequestsDuringMaintenance.php(109): Illuminate\\Pipeline\\Pipeline->{closure:{closure:Illuminate\\Pipeline\\Pipeline::carry():183}:184}(Object(Illuminate\\Http\\Request))
#35 /Users/alimadhoun/Desktop/GraduationProject/backend/vendor/laravel/framework/src/Illuminate/Pipeline/Pipeline.php(208): Illuminate\\Foundation\\Http\\Middleware\\PreventRequestsDuringMaintenance->handle(Object(Illuminate\\Http\\Request), Object(Closure))
#36 /Users/alimadhoun/Desktop/GraduationProject/backend/vendor/laravel/framework/src/Illuminate/Http/Middleware/HandleCors.php(48): Illuminate\\Pipeline\\Pipeline->{closure:{closure:Illuminate\\Pipeline\\Pipeline::carry():183}:184}(Object(Illuminate\\Http\\Request))
#37 /Users/alimadhoun/Desktop/GraduationProject/backend/vendor/laravel/framework/src/Illuminate/Pipeline/Pipeline.php(208): Illuminate\\Http\\Middleware\\HandleCors->handle(Object(Illuminate\\Http\\Request), Object(Closure))
#38 /Users/alimadhoun/Desktop/GraduationProject/backend/vendor/laravel/framework/src/Illuminate/Http/Middleware/TrustProxies.php(58): Illuminate\\Pipeline\\Pipeline->{closure:{closure:Illuminate\\Pipeline\\Pipeline::carry():183}:184}(Object(Illuminate\\Http\\Request))
#39 /Users/alimadhoun/Desktop/GraduationProject/backend/vendor/laravel/framework/src/Illuminate/Pipeline/Pipeline.php(208): Illuminate\\Http\\Middleware\\TrustProxies->handle(Object(Illuminate\\Http\\Request), Object(Closure))
#40 /Users/alimadhoun/Desktop/GraduationProject/backend/vendor/laravel/framework/src/Illuminate/Foundation/Http/Middleware/InvokeDeferredCallbacks.php(22): Illuminate\\Pipeline\\Pipeline->{closure:{closure:Illuminate\\Pipeline\\Pipeline::carry():183}:184}(Object(Illuminate\\Http\\Request))
#41 /Users/alimadhoun/Desktop/GraduationProject/backend/vendor/laravel/framework/src/Illuminate/Pipeline/Pipeline.php(208): Illuminate\\Foundation\\Http\\Middleware\\InvokeDeferredCallbacks->handle(Object(Illuminate\\Http\\Request), Object(Closure))
#42 /Users/alimadhoun/Desktop/GraduationProject/backend/vendor/laravel/framework/src/Illuminate/Http/Middleware/ValidatePathEncoding.php(26): Illuminate\\Pipeline\\Pipeline->{closure:{closure:Illuminate\\Pipeline\\Pipeline::carry():183}:184}(Object(Illuminate\\Http\\Request))
#43 /Users/alimadhoun/Desktop/GraduationProject/backend/vendor/laravel/framework/src/Illuminate/Pipeline/Pipeline.php(208): Illuminate\\Http\\Middleware\\ValidatePathEncoding->handle(Object(Illuminate\\Http\\Request), Object(Closure))
#44 /Users/alimadhoun/Desktop/GraduationProject/backend/vendor/laravel/framework/src/Illuminate/Pipeline/Pipeline.php(126): Illuminate\\Pipeline\\Pipeline->{closure:{closure:Illuminate\\Pipeline\\Pipeline::carry():183}:184}(Object(Illuminate\\Http\\Request))
#45 /Users/alimadhoun/Desktop/GraduationProject/backend/vendor/laravel/framework/src/Illuminate/Foundation/Http/Kernel.php(175): Illuminate\\Pipeline\\Pipeline->then(Object(Closure))
#46 /Users/alimadhoun/Desktop/GraduationProject/backend/vendor/laravel/framework/src/Illuminate/Foundation/Http/Kernel.php(144): Illuminate\\Foundation\\Http\\Kernel->sendRequestThroughRouter(Object(Illuminate\\Http\\Request))
#47 /Users/alimadhoun/Desktop/GraduationProject/backend/vendor/laravel/framework/src/Illuminate/Foundation/Application.php(1219): Illuminate\\Foundation\\Http\\Kernel->handle(Object(Illuminate\\Http\\Request))
#48 /Users/alimadhoun/Desktop/GraduationProject/backend/public/index.php(20): Illuminate\\Foundation\\Application->handleRequest(Object(Illuminate\\Http\\Request))
#49 /Users/alimadhoun/Desktop/GraduationProject/backend/vendor/laravel/framework/src/Illuminate/Foundation/resources/server.php(23): require_once('/Users/alimadho...')
#50 {main}
"} 
[2025-05-03 10:22:47] local.ERROR: Please provide a valid cache path. {"exception":"[object] (InvalidArgumentException(code: 0): Please provide a valid cache path. at /Users/alimadhoun/Desktop/GraduationProject/backend/vendor/laravel/framework/src/Illuminate/View/Compilers/Compiler.php:66)
[stacktrace]
#0 /Users/alimadhoun/Desktop/GraduationProject/backend/vendor/laravel/framework/src/Illuminate/View/ViewServiceProvider.php(97): Illuminate\\View\\Compilers\\Compiler->__construct(Object(Illuminate\\Filesystem\\Filesystem), false, '', true, 'php')
#1 /Users/alimadhoun/Desktop/GraduationProject/backend/vendor/laravel/framework/src/Illuminate/Container/Container.php(1010): Illuminate\\View\\ViewServiceProvider->{closure:Illuminate\\View\\ViewServiceProvider::registerBladeCompiler():96}(Object(Illuminate\\Foundation\\Application), Array)
#2 /Users/alimadhoun/Desktop/GraduationProject/backend/vendor/laravel/framework/src/Illuminate/Container/Container.php(890): Illuminate\\Container\\Container->build(Object(Closure))
#3 /Users/alimadhoun/Desktop/GraduationProject/backend/vendor/laravel/framework/src/Illuminate/Foundation/Application.php(1077): Illuminate\\Container\\Container->resolve('blade.compiler', Array, true)
#4 /Users/alimadhoun/Desktop/GraduationProject/backend/vendor/laravel/framework/src/Illuminate/Container/Container.php(821): Illuminate\\Foundation\\Application->resolve('blade.compiler', Array)
#5 /Users/alimadhoun/Desktop/GraduationProject/backend/vendor/laravel/framework/src/Illuminate/Foundation/Application.php(1057): Illuminate\\Container\\Container->make('blade.compiler', Array)
#6 /Users/alimadhoun/Desktop/GraduationProject/backend/vendor/laravel/framework/src/Illuminate/View/ViewServiceProvider.php(168): Illuminate\\Foundation\\Application->make('blade.compiler')
#7 [internal function]: Illuminate\\View\\ViewServiceProvider->{closure:Illuminate\\View\\ViewServiceProvider::registerBladeEngine():164}()
#8 /Users/alimadhoun/Desktop/GraduationProject/backend/vendor/laravel/framework/src/Illuminate/View/Engines/EngineResolver.php(55): call_user_func(Object(Closure))
#9 /Users/alimadhoun/Desktop/GraduationProject/backend/vendor/laravel/framework/src/Illuminate/View/Factory.php(325): Illuminate\\View\\Engines\\EngineResolver->resolve('blade')
#10 /Users/alimadhoun/Desktop/GraduationProject/backend/vendor/laravel/framework/src/Illuminate/View/Factory.php(287): Illuminate\\View\\Factory->getEngineFromPath('/Users/alimadho...')
#11 /Users/alimadhoun/Desktop/GraduationProject/backend/vendor/laravel/framework/src/Illuminate/View/Factory.php(159): Illuminate\\View\\Factory->viewInstance('errors::403', '/Users/alimadho...', Array)
#12 /Users/alimadhoun/Desktop/GraduationProject/backend/vendor/laravel/framework/src/Illuminate/Routing/ResponseFactory.php(90): Illuminate\\View\\Factory->make('errors::403', Array)
#13 /Users/alimadhoun/Desktop/GraduationProject/backend/vendor/laravel/framework/src/Illuminate/Foundation/Exceptions/Handler.php(897): Illuminate\\Routing\\ResponseFactory->view('errors::403', Array, 403, Array)
#14 /Users/alimadhoun/Desktop/GraduationProject/backend/vendor/laravel/framework/src/Illuminate/Foundation/Exceptions/Handler.php(818): Illuminate\\Foundation\\Exceptions\\Handler->renderHttpException(Object(Symfony\\Component\\HttpKernel\\Exception\\HttpException))
#15 /Users/alimadhoun/Desktop/GraduationProject/backend/vendor/laravel/framework/src/Illuminate/Foundation/Exceptions/Handler.php(709): Illuminate\\Foundation\\Exceptions\\Handler->prepareResponse(Object(Illuminate\\Http\\Request), Object(Symfony\\Component\\HttpKernel\\Exception\\HttpException))
#16 /Users/alimadhoun/Desktop/GraduationProject/backend/vendor/laravel/framework/src/Illuminate/Foundation/Exceptions/Handler.php(597): Illuminate\\Foundation\\Exceptions\\Handler->renderExceptionResponse(Object(Illuminate\\Http\\Request), Object(Symfony\\Component\\HttpKernel\\Exception\\HttpException))
#17 /Users/alimadhoun/Desktop/GraduationProject/backend/vendor/laravel/framework/src/Illuminate/Routing/Pipeline.php(51): Illuminate\\Foundation\\Exceptions\\Handler->render(Object(Illuminate\\Http\\Request), Object(Symfony\\Component\\HttpKernel\\Exception\\HttpException))
#18 /Users/alimadhoun/Desktop/GraduationProject/backend/vendor/laravel/framework/src/Illuminate/Pipeline/Pipeline.php(171): Illuminate\\Routing\\Pipeline->handleException(Object(Illuminate\\Http\\Request), Object(Symfony\\Component\\HttpKernel\\Exception\\HttpException))
#19 /Users/alimadhoun/Desktop/GraduationProject/backend/vendor/laravel/framework/src/Illuminate/Pipeline/Pipeline.php(126): Illuminate\\Pipeline\\Pipeline->{closure:Illuminate\\Pipeline\\Pipeline::prepareDestination():167}(Object(Illuminate\\Http\\Request))
#20 /Users/alimadhoun/Desktop/GraduationProject/backend/vendor/laravel/framework/src/Illuminate/Routing/Router.php(807): Illuminate\\Pipeline\\Pipeline->then(Object(Closure))
#21 /Users/alimadhoun/Desktop/GraduationProject/backend/vendor/laravel/framework/src/Illuminate/Routing/Router.php(786): Illuminate\\Routing\\Router->runRouteWithinStack(Object(Illuminate\\Routing\\Route), Object(Illuminate\\Http\\Request))
#22 /Users/alimadhoun/Desktop/GraduationProject/backend/vendor/laravel/framework/src/Illuminate/Routing/Router.php(750): Illuminate\\Routing\\Router->runRoute(Object(Illuminate\\Http\\Request), Object(Illuminate\\Routing\\Route))
#23 /Users/alimadhoun/Desktop/GraduationProject/backend/vendor/laravel/framework/src/Illuminate/Routing/Router.php(739): Illuminate\\Routing\\Router->dispatchToRoute(Object(Illuminate\\Http\\Request))
#24 /Users/alimadhoun/Desktop/GraduationProject/backend/vendor/laravel/framework/src/Illuminate/Foundation/Http/Kernel.php(200): Illuminate\\Routing\\Router->dispatch(Object(Illuminate\\Http\\Request))
#25 /Users/alimadhoun/Desktop/GraduationProject/backend/vendor/laravel/framework/src/Illuminate/Pipeline/Pipeline.php(169): Illuminate\\Foundation\\Http\\Kernel->{closure:Illuminate\\Foundation\\Http\\Kernel::dispatchToRouter():197}(Object(Illuminate\\Http\\Request))
#26 /Users/alimadhoun/Desktop/GraduationProject/backend/vendor/laravel/framework/src/Illuminate/Foundation/Http/Middleware/TransformsRequest.php(21): Illuminate\\Pipeline\\Pipeline->{closure:Illuminate\\Pipeline\\Pipeline::prepareDestination():167}(Object(Illuminate\\Http\\Request))
#27 /Users/alimadhoun/Desktop/GraduationProject/backend/vendor/laravel/framework/src/Illuminate/Foundation/Http/Middleware/ConvertEmptyStringsToNull.php(31): Illuminate\\Foundation\\Http\\Middleware\\TransformsRequest->handle(Object(Illuminate\\Http\\Request), Object(Closure))
#28 /Users/alimadhoun/Desktop/GraduationProject/backend/vendor/laravel/framework/src/Illuminate/Pipeline/Pipeline.php(208): Illuminate\\Foundation\\Http\\Middleware\\ConvertEmptyStringsToNull->handle(Object(Illuminate\\Http\\Request), Object(Closure))
#29 /Users/alimadhoun/Desktop/GraduationProject/backend/vendor/laravel/framework/src/Illuminate/Foundation/Http/Middleware/TransformsRequest.php(21): Illuminate\\Pipeline\\Pipeline->{closure:{closure:Illuminate\\Pipeline\\Pipeline::carry():183}:184}(Object(Illuminate\\Http\\Request))
#30 /Users/alimadhoun/Desktop/GraduationProject/backend/vendor/laravel/framework/src/Illuminate/Foundation/Http/Middleware/TrimStrings.php(51): Illuminate\\Foundation\\Http\\Middleware\\TransformsRequest->handle(Object(Illuminate\\Http\\Request), Object(Closure))
#31 /Users/alimadhoun/Desktop/GraduationProject/backend/vendor/laravel/framework/src/Illuminate/Pipeline/Pipeline.php(208): Illuminate\\Foundation\\Http\\Middleware\\TrimStrings->handle(Object(Illuminate\\Http\\Request), Object(Closure))
#32 /Users/alimadhoun/Desktop/GraduationProject/backend/vendor/laravel/framework/src/Illuminate/Http/Middleware/ValidatePostSize.php(27): Illuminate\\Pipeline\\Pipeline->{closure:{closure:Illuminate\\Pipeline\\Pipeline::carry():183}:184}(Object(Illuminate\\Http\\Request))
#33 /Users/alimadhoun/Desktop/GraduationProject/backend/vendor/laravel/framework/src/Illuminate/Pipeline/Pipeline.php(208): Illuminate\\Http\\Middleware\\ValidatePostSize->handle(Object(Illuminate\\Http\\Request), Object(Closure))
#34 /Users/alimadhoun/Desktop/GraduationProject/backend/vendor/laravel/framework/src/Illuminate/Foundation/Http/Middleware/PreventRequestsDuringMaintenance.php(109): Illuminate\\Pipeline\\Pipeline->{closure:{closure:Illuminate\\Pipeline\\Pipeline::carry():183}:184}(Object(Illuminate\\Http\\Request))
#35 /Users/alimadhoun/Desktop/GraduationProject/backend/vendor/laravel/framework/src/Illuminate/Pipeline/Pipeline.php(208): Illuminate\\Foundation\\Http\\Middleware\\PreventRequestsDuringMaintenance->handle(Object(Illuminate\\Http\\Request), Object(Closure))
#36 /Users/alimadhoun/Desktop/GraduationProject/backend/vendor/laravel/framework/src/Illuminate/Http/Middleware/HandleCors.php(48): Illuminate\\Pipeline\\Pipeline->{closure:{closure:Illuminate\\Pipeline\\Pipeline::carry():183}:184}(Object(Illuminate\\Http\\Request))
#37 /Users/alimadhoun/Desktop/GraduationProject/backend/vendor/laravel/framework/src/Illuminate/Pipeline/Pipeline.php(208): Illuminate\\Http\\Middleware\\HandleCors->handle(Object(Illuminate\\Http\\Request), Object(Closure))
#38 /Users/alimadhoun/Desktop/GraduationProject/backend/vendor/laravel/framework/src/Illuminate/Http/Middleware/TrustProxies.php(58): Illuminate\\Pipeline\\Pipeline->{closure:{closure:Illuminate\\Pipeline\\Pipeline::carry():183}:184}(Object(Illuminate\\Http\\Request))
#39 /Users/alimadhoun/Desktop/GraduationProject/backend/vendor/laravel/framework/src/Illuminate/Pipeline/Pipeline.php(208): Illuminate\\Http\\Middleware\\TrustProxies->handle(Object(Illuminate\\Http\\Request), Object(Closure))
#40 /Users/alimadhoun/Desktop/GraduationProject/backend/vendor/laravel/framework/src/Illuminate/Foundation/Http/Middleware/InvokeDeferredCallbacks.php(22): Illuminate\\Pipeline\\Pipeline->{closure:{closure:Illuminate\\Pipeline\\Pipeline::carry():183}:184}(Object(Illuminate\\Http\\Request))
#41 /Users/alimadhoun/Desktop/GraduationProject/backend/vendor/laravel/framework/src/Illuminate/Pipeline/Pipeline.php(208): Illuminate\\Foundation\\Http\\Middleware\\InvokeDeferredCallbacks->handle(Object(Illuminate\\Http\\Request), Object(Closure))
#42 /Users/alimadhoun/Desktop/GraduationProject/backend/vendor/laravel/framework/src/Illuminate/Http/Middleware/ValidatePathEncoding.php(26): Illuminate\\Pipeline\\Pipeline->{closure:{closure:Illuminate\\Pipeline\\Pipeline::carry():183}:184}(Object(Illuminate\\Http\\Request))
#43 /Users/alimadhoun/Desktop/GraduationProject/backend/vendor/laravel/framework/src/Illuminate/Pipeline/Pipeline.php(208): Illuminate\\Http\\Middleware\\ValidatePathEncoding->handle(Object(Illuminate\\Http\\Request), Object(Closure))
#44 /Users/alimadhoun/Desktop/GraduationProject/backend/vendor/laravel/framework/src/Illuminate/Pipeline/Pipeline.php(126): Illuminate\\Pipeline\\Pipeline->{closure:{closure:Illuminate\\Pipeline\\Pipeline::carry():183}:184}(Object(Illuminate\\Http\\Request))
#45 /Users/alimadhoun/Desktop/GraduationProject/backend/vendor/laravel/framework/src/Illuminate/Foundation/Http/Kernel.php(175): Illuminate\\Pipeline\\Pipeline->then(Object(Closure))
#46 /Users/alimadhoun/Desktop/GraduationProject/backend/vendor/laravel/framework/src/Illuminate/Foundation/Http/Kernel.php(144): Illuminate\\Foundation\\Http\\Kernel->sendRequestThroughRouter(Object(Illuminate\\Http\\Request))
#47 /Users/alimadhoun/Desktop/GraduationProject/backend/vendor/laravel/framework/src/Illuminate/Foundation/Application.php(1219): Illuminate\\Foundation\\Http\\Kernel->handle(Object(Illuminate\\Http\\Request))
#48 /Users/alimadhoun/Desktop/GraduationProject/backend/public/index.php(20): Illuminate\\Foundation\\Application->handleRequest(Object(Illuminate\\Http\\Request))
#49 /Users/alimadhoun/Desktop/GraduationProject/backend/vendor/laravel/framework/src/Illuminate/Foundation/resources/server.php(23): require_once('/Users/alimadho...')
#50 {main}
"} 
[2025-05-03 10:22:48] local.ERROR: Please provide a valid cache path. {"exception":"[object] (InvalidArgumentException(code: 0): Please provide a valid cache path. at /Users/alimadhoun/Desktop/GraduationProject/backend/vendor/laravel/framework/src/Illuminate/View/Compilers/Compiler.php:66)
[stacktrace]
#0 /Users/alimadhoun/Desktop/GraduationProject/backend/vendor/laravel/framework/src/Illuminate/View/ViewServiceProvider.php(97): Illuminate\\View\\Compilers\\Compiler->__construct(Object(Illuminate\\Filesystem\\Filesystem), false, '', true, 'php')
#1 /Users/alimadhoun/Desktop/GraduationProject/backend/vendor/laravel/framework/src/Illuminate/Container/Container.php(1010): Illuminate\\View\\ViewServiceProvider->{closure:Illuminate\\View\\ViewServiceProvider::registerBladeCompiler():96}(Object(Illuminate\\Foundation\\Application), Array)
#2 /Users/alimadhoun/Desktop/GraduationProject/backend/vendor/laravel/framework/src/Illuminate/Container/Container.php(890): Illuminate\\Container\\Container->build(Object(Closure))
#3 /Users/alimadhoun/Desktop/GraduationProject/backend/vendor/laravel/framework/src/Illuminate/Foundation/Application.php(1077): Illuminate\\Container\\Container->resolve('blade.compiler', Array, true)
#4 /Users/alimadhoun/Desktop/GraduationProject/backend/vendor/laravel/framework/src/Illuminate/Container/Container.php(821): Illuminate\\Foundation\\Application->resolve('blade.compiler', Array)
#5 /Users/alimadhoun/Desktop/GraduationProject/backend/vendor/laravel/framework/src/Illuminate/Foundation/Application.php(1057): Illuminate\\Container\\Container->make('blade.compiler', Array)
#6 /Users/alimadhoun/Desktop/GraduationProject/backend/vendor/laravel/framework/src/Illuminate/View/ViewServiceProvider.php(168): Illuminate\\Foundation\\Application->make('blade.compiler')
#7 [internal function]: Illuminate\\View\\ViewServiceProvider->{closure:Illuminate\\View\\ViewServiceProvider::registerBladeEngine():164}()
#8 /Users/alimadhoun/Desktop/GraduationProject/backend/vendor/laravel/framework/src/Illuminate/View/Engines/EngineResolver.php(55): call_user_func(Object(Closure))
#9 /Users/alimadhoun/Desktop/GraduationProject/backend/vendor/laravel/framework/src/Illuminate/View/Factory.php(325): Illuminate\\View\\Engines\\EngineResolver->resolve('blade')
#10 /Users/alimadhoun/Desktop/GraduationProject/backend/vendor/laravel/framework/src/Illuminate/View/Factory.php(287): Illuminate\\View\\Factory->getEngineFromPath('/Users/alimadho...')
#11 /Users/alimadhoun/Desktop/GraduationProject/backend/vendor/laravel/framework/src/Illuminate/View/Factory.php(159): Illuminate\\View\\Factory->viewInstance('errors::403', '/Users/alimadho...', Array)
#12 /Users/alimadhoun/Desktop/GraduationProject/backend/vendor/laravel/framework/src/Illuminate/Routing/ResponseFactory.php(90): Illuminate\\View\\Factory->make('errors::403', Array)
#13 /Users/alimadhoun/Desktop/GraduationProject/backend/vendor/laravel/framework/src/Illuminate/Foundation/Exceptions/Handler.php(897): Illuminate\\Routing\\ResponseFactory->view('errors::403', Array, 403, Array)
#14 /Users/alimadhoun/Desktop/GraduationProject/backend/vendor/laravel/framework/src/Illuminate/Foundation/Exceptions/Handler.php(818): Illuminate\\Foundation\\Exceptions\\Handler->renderHttpException(Object(Symfony\\Component\\HttpKernel\\Exception\\HttpException))
#15 /Users/alimadhoun/Desktop/GraduationProject/backend/vendor/laravel/framework/src/Illuminate/Foundation/Exceptions/Handler.php(709): Illuminate\\Foundation\\Exceptions\\Handler->prepareResponse(Object(Illuminate\\Http\\Request), Object(Symfony\\Component\\HttpKernel\\Exception\\HttpException))
#16 /Users/alimadhoun/Desktop/GraduationProject/backend/vendor/laravel/framework/src/Illuminate/Foundation/Exceptions/Handler.php(597): Illuminate\\Foundation\\Exceptions\\Handler->renderExceptionResponse(Object(Illuminate\\Http\\Request), Object(Symfony\\Component\\HttpKernel\\Exception\\HttpException))
#17 /Users/alimadhoun/Desktop/GraduationProject/backend/vendor/laravel/framework/src/Illuminate/Routing/Pipeline.php(51): Illuminate\\Foundation\\Exceptions\\Handler->render(Object(Illuminate\\Http\\Request), Object(Symfony\\Component\\HttpKernel\\Exception\\HttpException))
#18 /Users/alimadhoun/Desktop/GraduationProject/backend/vendor/laravel/framework/src/Illuminate/Pipeline/Pipeline.php(171): Illuminate\\Routing\\Pipeline->handleException(Object(Illuminate\\Http\\Request), Object(Symfony\\Component\\HttpKernel\\Exception\\HttpException))
#19 /Users/alimadhoun/Desktop/GraduationProject/backend/vendor/laravel/framework/src/Illuminate/Pipeline/Pipeline.php(126): Illuminate\\Pipeline\\Pipeline->{closure:Illuminate\\Pipeline\\Pipeline::prepareDestination():167}(Object(Illuminate\\Http\\Request))
#20 /Users/alimadhoun/Desktop/GraduationProject/backend/vendor/laravel/framework/src/Illuminate/Routing/Router.php(807): Illuminate\\Pipeline\\Pipeline->then(Object(Closure))
#21 /Users/alimadhoun/Desktop/GraduationProject/backend/vendor/laravel/framework/src/Illuminate/Routing/Router.php(786): Illuminate\\Routing\\Router->runRouteWithinStack(Object(Illuminate\\Routing\\Route), Object(Illuminate\\Http\\Request))
#22 /Users/alimadhoun/Desktop/GraduationProject/backend/vendor/laravel/framework/src/Illuminate/Routing/Router.php(750): Illuminate\\Routing\\Router->runRoute(Object(Illuminate\\Http\\Request), Object(Illuminate\\Routing\\Route))
#23 /Users/alimadhoun/Desktop/GraduationProject/backend/vendor/laravel/framework/src/Illuminate/Routing/Router.php(739): Illuminate\\Routing\\Router->dispatchToRoute(Object(Illuminate\\Http\\Request))
#24 /Users/alimadhoun/Desktop/GraduationProject/backend/vendor/laravel/framework/src/Illuminate/Foundation/Http/Kernel.php(200): Illuminate\\Routing\\Router->dispatch(Object(Illuminate\\Http\\Request))
#25 /Users/alimadhoun/Desktop/GraduationProject/backend/vendor/laravel/framework/src/Illuminate/Pipeline/Pipeline.php(169): Illuminate\\Foundation\\Http\\Kernel->{closure:Illuminate\\Foundation\\Http\\Kernel::dispatchToRouter():197}(Object(Illuminate\\Http\\Request))
#26 /Users/alimadhoun/Desktop/GraduationProject/backend/vendor/laravel/framework/src/Illuminate/Foundation/Http/Middleware/TransformsRequest.php(21): Illuminate\\Pipeline\\Pipeline->{closure:Illuminate\\Pipeline\\Pipeline::prepareDestination():167}(Object(Illuminate\\Http\\Request))
#27 /Users/alimadhoun/Desktop/GraduationProject/backend/vendor/laravel/framework/src/Illuminate/Foundation/Http/Middleware/ConvertEmptyStringsToNull.php(31): Illuminate\\Foundation\\Http\\Middleware\\TransformsRequest->handle(Object(Illuminate\\Http\\Request), Object(Closure))
#28 /Users/alimadhoun/Desktop/GraduationProject/backend/vendor/laravel/framework/src/Illuminate/Pipeline/Pipeline.php(208): Illuminate\\Foundation\\Http\\Middleware\\ConvertEmptyStringsToNull->handle(Object(Illuminate\\Http\\Request), Object(Closure))
#29 /Users/alimadhoun/Desktop/GraduationProject/backend/vendor/laravel/framework/src/Illuminate/Foundation/Http/Middleware/TransformsRequest.php(21): Illuminate\\Pipeline\\Pipeline->{closure:{closure:Illuminate\\Pipeline\\Pipeline::carry():183}:184}(Object(Illuminate\\Http\\Request))
#30 /Users/alimadhoun/Desktop/GraduationProject/backend/vendor/laravel/framework/src/Illuminate/Foundation/Http/Middleware/TrimStrings.php(51): Illuminate\\Foundation\\Http\\Middleware\\TransformsRequest->handle(Object(Illuminate\\Http\\Request), Object(Closure))
#31 /Users/alimadhoun/Desktop/GraduationProject/backend/vendor/laravel/framework/src/Illuminate/Pipeline/Pipeline.php(208): Illuminate\\Foundation\\Http\\Middleware\\TrimStrings->handle(Object(Illuminate\\Http\\Request), Object(Closure))
#32 /Users/alimadhoun/Desktop/GraduationProject/backend/vendor/laravel/framework/src/Illuminate/Http/Middleware/ValidatePostSize.php(27): Illuminate\\Pipeline\\Pipeline->{closure:{closure:Illuminate\\Pipeline\\Pipeline::carry():183}:184}(Object(Illuminate\\Http\\Request))
#33 /Users/alimadhoun/Desktop/GraduationProject/backend/vendor/laravel/framework/src/Illuminate/Pipeline/Pipeline.php(208): Illuminate\\Http\\Middleware\\ValidatePostSize->handle(Object(Illuminate\\Http\\Request), Object(Closure))
#34 /Users/alimadhoun/Desktop/GraduationProject/backend/vendor/laravel/framework/src/Illuminate/Foundation/Http/Middleware/PreventRequestsDuringMaintenance.php(109): Illuminate\\Pipeline\\Pipeline->{closure:{closure:Illuminate\\Pipeline\\Pipeline::carry():183}:184}(Object(Illuminate\\Http\\Request))
#35 /Users/alimadhoun/Desktop/GraduationProject/backend/vendor/laravel/framework/src/Illuminate/Pipeline/Pipeline.php(208): Illuminate\\Foundation\\Http\\Middleware\\PreventRequestsDuringMaintenance->handle(Object(Illuminate\\Http\\Request), Object(Closure))
#36 /Users/alimadhoun/Desktop/GraduationProject/backend/vendor/laravel/framework/src/Illuminate/Http/Middleware/HandleCors.php(48): Illuminate\\Pipeline\\Pipeline->{closure:{closure:Illuminate\\Pipeline\\Pipeline::carry():183}:184}(Object(Illuminate\\Http\\Request))
#37 /Users/alimadhoun/Desktop/GraduationProject/backend/vendor/laravel/framework/src/Illuminate/Pipeline/Pipeline.php(208): Illuminate\\Http\\Middleware\\HandleCors->handle(Object(Illuminate\\Http\\Request), Object(Closure))
#38 /Users/alimadhoun/Desktop/GraduationProject/backend/vendor/laravel/framework/src/Illuminate/Http/Middleware/TrustProxies.php(58): Illuminate\\Pipeline\\Pipeline->{closure:{closure:Illuminate\\Pipeline\\Pipeline::carry():183}:184}(Object(Illuminate\\Http\\Request))
#39 /Users/alimadhoun/Desktop/GraduationProject/backend/vendor/laravel/framework/src/Illuminate/Pipeline/Pipeline.php(208): Illuminate\\Http\\Middleware\\TrustProxies->handle(Object(Illuminate\\Http\\Request), Object(Closure))
#40 /Users/alimadhoun/Desktop/GraduationProject/backend/vendor/laravel/framework/src/Illuminate/Foundation/Http/Middleware/InvokeDeferredCallbacks.php(22): Illuminate\\Pipeline\\Pipeline->{closure:{closure:Illuminate\\Pipeline\\Pipeline::carry():183}:184}(Object(Illuminate\\Http\\Request))
#41 /Users/alimadhoun/Desktop/GraduationProject/backend/vendor/laravel/framework/src/Illuminate/Pipeline/Pipeline.php(208): Illuminate\\Foundation\\Http\\Middleware\\InvokeDeferredCallbacks->handle(Object(Illuminate\\Http\\Request), Object(Closure))
#42 /Users/alimadhoun/Desktop/GraduationProject/backend/vendor/laravel/framework/src/Illuminate/Http/Middleware/ValidatePathEncoding.php(26): Illuminate\\Pipeline\\Pipeline->{closure:{closure:Illuminate\\Pipeline\\Pipeline::carry():183}:184}(Object(Illuminate\\Http\\Request))
#43 /Users/alimadhoun/Desktop/GraduationProject/backend/vendor/laravel/framework/src/Illuminate/Pipeline/Pipeline.php(208): Illuminate\\Http\\Middleware\\ValidatePathEncoding->handle(Object(Illuminate\\Http\\Request), Object(Closure))
#44 /Users/alimadhoun/Desktop/GraduationProject/backend/vendor/laravel/framework/src/Illuminate/Pipeline/Pipeline.php(126): Illuminate\\Pipeline\\Pipeline->{closure:{closure:Illuminate\\Pipeline\\Pipeline::carry():183}:184}(Object(Illuminate\\Http\\Request))
#45 /Users/alimadhoun/Desktop/GraduationProject/backend/vendor/laravel/framework/src/Illuminate/Foundation/Http/Kernel.php(175): Illuminate\\Pipeline\\Pipeline->then(Object(Closure))
#46 /Users/alimadhoun/Desktop/GraduationProject/backend/vendor/laravel/framework/src/Illuminate/Foundation/Http/Kernel.php(144): Illuminate\\Foundation\\Http\\Kernel->sendRequestThroughRouter(Object(Illuminate\\Http\\Request))
#47 /Users/alimadhoun/Desktop/GraduationProject/backend/vendor/laravel/framework/src/Illuminate/Foundation/Application.php(1219): Illuminate\\Foundation\\Http\\Kernel->handle(Object(Illuminate\\Http\\Request))
#48 /Users/alimadhoun/Desktop/GraduationProject/backend/public/index.php(20): Illuminate\\Foundation\\Application->handleRequest(Object(Illuminate\\Http\\Request))
#49 /Users/alimadhoun/Desktop/GraduationProject/backend/vendor/laravel/framework/src/Illuminate/Foundation/resources/server.php(23): require_once('/Users/alimadho...')
#50 {main}
"} 
[2025-05-03 10:22:48] local.ERROR: Please provide a valid cache path. {"exception":"[object] (InvalidArgumentException(code: 0): Please provide a valid cache path. at /Users/alimadhoun/Desktop/GraduationProject/backend/vendor/laravel/framework/src/Illuminate/View/Compilers/Compiler.php:66)
[stacktrace]
#0 /Users/alimadhoun/Desktop/GraduationProject/backend/vendor/laravel/framework/src/Illuminate/View/ViewServiceProvider.php(97): Illuminate\\View\\Compilers\\Compiler->__construct(Object(Illuminate\\Filesystem\\Filesystem), false, '', true, 'php')
#1 /Users/alimadhoun/Desktop/GraduationProject/backend/vendor/laravel/framework/src/Illuminate/Container/Container.php(1010): Illuminate\\View\\ViewServiceProvider->{closure:Illuminate\\View\\ViewServiceProvider::registerBladeCompiler():96}(Object(Illuminate\\Foundation\\Application), Array)
#2 /Users/alimadhoun/Desktop/GraduationProject/backend/vendor/laravel/framework/src/Illuminate/Container/Container.php(890): Illuminate\\Container\\Container->build(Object(Closure))
#3 /Users/alimadhoun/Desktop/GraduationProject/backend/vendor/laravel/framework/src/Illuminate/Foundation/Application.php(1077): Illuminate\\Container\\Container->resolve('blade.compiler', Array, true)
#4 /Users/alimadhoun/Desktop/GraduationProject/backend/vendor/laravel/framework/src/Illuminate/Container/Container.php(821): Illuminate\\Foundation\\Application->resolve('blade.compiler', Array)
#5 /Users/alimadhoun/Desktop/GraduationProject/backend/vendor/laravel/framework/src/Illuminate/Foundation/Application.php(1057): Illuminate\\Container\\Container->make('blade.compiler', Array)
#6 /Users/alimadhoun/Desktop/GraduationProject/backend/vendor/laravel/framework/src/Illuminate/View/ViewServiceProvider.php(168): Illuminate\\Foundation\\Application->make('blade.compiler')
#7 [internal function]: Illuminate\\View\\ViewServiceProvider->{closure:Illuminate\\View\\ViewServiceProvider::registerBladeEngine():164}()
#8 /Users/alimadhoun/Desktop/GraduationProject/backend/vendor/laravel/framework/src/Illuminate/View/Engines/EngineResolver.php(55): call_user_func(Object(Closure))
#9 /Users/alimadhoun/Desktop/GraduationProject/backend/vendor/laravel/framework/src/Illuminate/View/Factory.php(325): Illuminate\\View\\Engines\\EngineResolver->resolve('blade')
#10 /Users/alimadhoun/Desktop/GraduationProject/backend/vendor/laravel/framework/src/Illuminate/View/Factory.php(287): Illuminate\\View\\Factory->getEngineFromPath('/Users/alimadho...')
#11 /Users/alimadhoun/Desktop/GraduationProject/backend/vendor/laravel/framework/src/Illuminate/View/Factory.php(159): Illuminate\\View\\Factory->viewInstance('errors::403', '/Users/alimadho...', Array)
#12 /Users/alimadhoun/Desktop/GraduationProject/backend/vendor/laravel/framework/src/Illuminate/Routing/ResponseFactory.php(90): Illuminate\\View\\Factory->make('errors::403', Array)
#13 /Users/alimadhoun/Desktop/GraduationProject/backend/vendor/laravel/framework/src/Illuminate/Foundation/Exceptions/Handler.php(897): Illuminate\\Routing\\ResponseFactory->view('errors::403', Array, 403, Array)
#14 /Users/alimadhoun/Desktop/GraduationProject/backend/vendor/laravel/framework/src/Illuminate/Foundation/Exceptions/Handler.php(818): Illuminate\\Foundation\\Exceptions\\Handler->renderHttpException(Object(Symfony\\Component\\HttpKernel\\Exception\\HttpException))
#15 /Users/alimadhoun/Desktop/GraduationProject/backend/vendor/laravel/framework/src/Illuminate/Foundation/Exceptions/Handler.php(709): Illuminate\\Foundation\\Exceptions\\Handler->prepareResponse(Object(Illuminate\\Http\\Request), Object(Symfony\\Component\\HttpKernel\\Exception\\HttpException))
#16 /Users/alimadhoun/Desktop/GraduationProject/backend/vendor/laravel/framework/src/Illuminate/Foundation/Exceptions/Handler.php(597): Illuminate\\Foundation\\Exceptions\\Handler->renderExceptionResponse(Object(Illuminate\\Http\\Request), Object(Symfony\\Component\\HttpKernel\\Exception\\HttpException))
#17 /Users/alimadhoun/Desktop/GraduationProject/backend/vendor/laravel/framework/src/Illuminate/Routing/Pipeline.php(51): Illuminate\\Foundation\\Exceptions\\Handler->render(Object(Illuminate\\Http\\Request), Object(Symfony\\Component\\HttpKernel\\Exception\\HttpException))
#18 /Users/alimadhoun/Desktop/GraduationProject/backend/vendor/laravel/framework/src/Illuminate/Pipeline/Pipeline.php(171): Illuminate\\Routing\\Pipeline->handleException(Object(Illuminate\\Http\\Request), Object(Symfony\\Component\\HttpKernel\\Exception\\HttpException))
#19 /Users/alimadhoun/Desktop/GraduationProject/backend/vendor/laravel/framework/src/Illuminate/Pipeline/Pipeline.php(126): Illuminate\\Pipeline\\Pipeline->{closure:Illuminate\\Pipeline\\Pipeline::prepareDestination():167}(Object(Illuminate\\Http\\Request))
#20 /Users/alimadhoun/Desktop/GraduationProject/backend/vendor/laravel/framework/src/Illuminate/Routing/Router.php(807): Illuminate\\Pipeline\\Pipeline->then(Object(Closure))
#21 /Users/alimadhoun/Desktop/GraduationProject/backend/vendor/laravel/framework/src/Illuminate/Routing/Router.php(786): Illuminate\\Routing\\Router->runRouteWithinStack(Object(Illuminate\\Routing\\Route), Object(Illuminate\\Http\\Request))
#22 /Users/alimadhoun/Desktop/GraduationProject/backend/vendor/laravel/framework/src/Illuminate/Routing/Router.php(750): Illuminate\\Routing\\Router->runRoute(Object(Illuminate\\Http\\Request), Object(Illuminate\\Routing\\Route))
#23 /Users/alimadhoun/Desktop/GraduationProject/backend/vendor/laravel/framework/src/Illuminate/Routing/Router.php(739): Illuminate\\Routing\\Router->dispatchToRoute(Object(Illuminate\\Http\\Request))
#24 /Users/alimadhoun/Desktop/GraduationProject/backend/vendor/laravel/framework/src/Illuminate/Foundation/Http/Kernel.php(200): Illuminate\\Routing\\Router->dispatch(Object(Illuminate\\Http\\Request))
#25 /Users/alimadhoun/Desktop/GraduationProject/backend/vendor/laravel/framework/src/Illuminate/Pipeline/Pipeline.php(169): Illuminate\\Foundation\\Http\\Kernel->{closure:Illuminate\\Foundation\\Http\\Kernel::dispatchToRouter():197}(Object(Illuminate\\Http\\Request))
#26 /Users/alimadhoun/Desktop/GraduationProject/backend/vendor/laravel/framework/src/Illuminate/Foundation/Http/Middleware/TransformsRequest.php(21): Illuminate\\Pipeline\\Pipeline->{closure:Illuminate\\Pipeline\\Pipeline::prepareDestination():167}(Object(Illuminate\\Http\\Request))
#27 /Users/alimadhoun/Desktop/GraduationProject/backend/vendor/laravel/framework/src/Illuminate/Foundation/Http/Middleware/ConvertEmptyStringsToNull.php(31): Illuminate\\Foundation\\Http\\Middleware\\TransformsRequest->handle(Object(Illuminate\\Http\\Request), Object(Closure))
#28 /Users/alimadhoun/Desktop/GraduationProject/backend/vendor/laravel/framework/src/Illuminate/Pipeline/Pipeline.php(208): Illuminate\\Foundation\\Http\\Middleware\\ConvertEmptyStringsToNull->handle(Object(Illuminate\\Http\\Request), Object(Closure))
#29 /Users/alimadhoun/Desktop/GraduationProject/backend/vendor/laravel/framework/src/Illuminate/Foundation/Http/Middleware/TransformsRequest.php(21): Illuminate\\Pipeline\\Pipeline->{closure:{closure:Illuminate\\Pipeline\\Pipeline::carry():183}:184}(Object(Illuminate\\Http\\Request))
#30 /Users/alimadhoun/Desktop/GraduationProject/backend/vendor/laravel/framework/src/Illuminate/Foundation/Http/Middleware/TrimStrings.php(51): Illuminate\\Foundation\\Http\\Middleware\\TransformsRequest->handle(Object(Illuminate\\Http\\Request), Object(Closure))
#31 /Users/alimadhoun/Desktop/GraduationProject/backend/vendor/laravel/framework/src/Illuminate/Pipeline/Pipeline.php(208): Illuminate\\Foundation\\Http\\Middleware\\TrimStrings->handle(Object(Illuminate\\Http\\Request), Object(Closure))
#32 /Users/alimadhoun/Desktop/GraduationProject/backend/vendor/laravel/framework/src/Illuminate/Http/Middleware/ValidatePostSize.php(27): Illuminate\\Pipeline\\Pipeline->{closure:{closure:Illuminate\\Pipeline\\Pipeline::carry():183}:184}(Object(Illuminate\\Http\\Request))
#33 /Users/alimadhoun/Desktop/GraduationProject/backend/vendor/laravel/framework/src/Illuminate/Pipeline/Pipeline.php(208): Illuminate\\Http\\Middleware\\ValidatePostSize->handle(Object(Illuminate\\Http\\Request), Object(Closure))
#34 /Users/alimadhoun/Desktop/GraduationProject/backend/vendor/laravel/framework/src/Illuminate/Foundation/Http/Middleware/PreventRequestsDuringMaintenance.php(109): Illuminate\\Pipeline\\Pipeline->{closure:{closure:Illuminate\\Pipeline\\Pipeline::carry():183}:184}(Object(Illuminate\\Http\\Request))
#35 /Users/alimadhoun/Desktop/GraduationProject/backend/vendor/laravel/framework/src/Illuminate/Pipeline/Pipeline.php(208): Illuminate\\Foundation\\Http\\Middleware\\PreventRequestsDuringMaintenance->handle(Object(Illuminate\\Http\\Request), Object(Closure))
#36 /Users/alimadhoun/Desktop/GraduationProject/backend/vendor/laravel/framework/src/Illuminate/Http/Middleware/HandleCors.php(48): Illuminate\\Pipeline\\Pipeline->{closure:{closure:Illuminate\\Pipeline\\Pipeline::carry():183}:184}(Object(Illuminate\\Http\\Request))
#37 /Users/alimadhoun/Desktop/GraduationProject/backend/vendor/laravel/framework/src/Illuminate/Pipeline/Pipeline.php(208): Illuminate\\Http\\Middleware\\HandleCors->handle(Object(Illuminate\\Http\\Request), Object(Closure))
#38 /Users/alimadhoun/Desktop/GraduationProject/backend/vendor/laravel/framework/src/Illuminate/Http/Middleware/TrustProxies.php(58): Illuminate\\Pipeline\\Pipeline->{closure:{closure:Illuminate\\Pipeline\\Pipeline::carry():183}:184}(Object(Illuminate\\Http\\Request))
#39 /Users/alimadhoun/Desktop/GraduationProject/backend/vendor/laravel/framework/src/Illuminate/Pipeline/Pipeline.php(208): Illuminate\\Http\\Middleware\\TrustProxies->handle(Object(Illuminate\\Http\\Request), Object(Closure))
#40 /Users/alimadhoun/Desktop/GraduationProject/backend/vendor/laravel/framework/src/Illuminate/Foundation/Http/Middleware/InvokeDeferredCallbacks.php(22): Illuminate\\Pipeline\\Pipeline->{closure:{closure:Illuminate\\Pipeline\\Pipeline::carry():183}:184}(Object(Illuminate\\Http\\Request))
#41 /Users/alimadhoun/Desktop/GraduationProject/backend/vendor/laravel/framework/src/Illuminate/Pipeline/Pipeline.php(208): Illuminate\\Foundation\\Http\\Middleware\\InvokeDeferredCallbacks->handle(Object(Illuminate\\Http\\Request), Object(Closure))
#42 /Users/alimadhoun/Desktop/GraduationProject/backend/vendor/laravel/framework/src/Illuminate/Http/Middleware/ValidatePathEncoding.php(26): Illuminate\\Pipeline\\Pipeline->{closure:{closure:Illuminate\\Pipeline\\Pipeline::carry():183}:184}(Object(Illuminate\\Http\\Request))
#43 /Users/alimadhoun/Desktop/GraduationProject/backend/vendor/laravel/framework/src/Illuminate/Pipeline/Pipeline.php(208): Illuminate\\Http\\Middleware\\ValidatePathEncoding->handle(Object(Illuminate\\Http\\Request), Object(Closure))
#44 /Users/alimadhoun/Desktop/GraduationProject/backend/vendor/laravel/framework/src/Illuminate/Pipeline/Pipeline.php(126): Illuminate\\Pipeline\\Pipeline->{closure:{closure:Illuminate\\Pipeline\\Pipeline::carry():183}:184}(Object(Illuminate\\Http\\Request))
#45 /Users/alimadhoun/Desktop/GraduationProject/backend/vendor/laravel/framework/src/Illuminate/Foundation/Http/Kernel.php(175): Illuminate\\Pipeline\\Pipeline->then(Object(Closure))
#46 /Users/alimadhoun/Desktop/GraduationProject/backend/vendor/laravel/framework/src/Illuminate/Foundation/Http/Kernel.php(144): Illuminate\\Foundation\\Http\\Kernel->sendRequestThroughRouter(Object(Illuminate\\Http\\Request))
#47 /Users/alimadhoun/Desktop/GraduationProject/backend/vendor/laravel/framework/src/Illuminate/Foundation/Application.php(1219): Illuminate\\Foundation\\Http\\Kernel->handle(Object(Illuminate\\Http\\Request))
#48 /Users/alimadhoun/Desktop/GraduationProject/backend/public/index.php(20): Illuminate\\Foundation\\Application->handleRequest(Object(Illuminate\\Http\\Request))
#49 /Users/alimadhoun/Desktop/GraduationProject/backend/vendor/laravel/framework/src/Illuminate/Foundation/resources/server.php(23): require_once('/Users/alimadho...')
#50 {main}
"} 
[2025-05-03 10:22:48] local.ERROR: Please provide a valid cache path. {"exception":"[object] (InvalidArgumentException(code: 0): Please provide a valid cache path. at /Users/alimadhoun/Desktop/GraduationProject/backend/vendor/laravel/framework/src/Illuminate/View/Compilers/Compiler.php:66)
[stacktrace]
#0 /Users/alimadhoun/Desktop/GraduationProject/backend/vendor/laravel/framework/src/Illuminate/View/ViewServiceProvider.php(97): Illuminate\\View\\Compilers\\Compiler->__construct(Object(Illuminate\\Filesystem\\Filesystem), false, '', true, 'php')
#1 /Users/alimadhoun/Desktop/GraduationProject/backend/vendor/laravel/framework/src/Illuminate/Container/Container.php(1010): Illuminate\\View\\ViewServiceProvider->{closure:Illuminate\\View\\ViewServiceProvider::registerBladeCompiler():96}(Object(Illuminate\\Foundation\\Application), Array)
#2 /Users/alimadhoun/Desktop/GraduationProject/backend/vendor/laravel/framework/src/Illuminate/Container/Container.php(890): Illuminate\\Container\\Container->build(Object(Closure))
#3 /Users/alimadhoun/Desktop/GraduationProject/backend/vendor/laravel/framework/src/Illuminate/Foundation/Application.php(1077): Illuminate\\Container\\Container->resolve('blade.compiler', Array, true)
#4 /Users/alimadhoun/Desktop/GraduationProject/backend/vendor/laravel/framework/src/Illuminate/Container/Container.php(821): Illuminate\\Foundation\\Application->resolve('blade.compiler', Array)
#5 /Users/alimadhoun/Desktop/GraduationProject/backend/vendor/laravel/framework/src/Illuminate/Foundation/Application.php(1057): Illuminate\\Container\\Container->make('blade.compiler', Array)
#6 /Users/alimadhoun/Desktop/GraduationProject/backend/vendor/laravel/framework/src/Illuminate/View/ViewServiceProvider.php(168): Illuminate\\Foundation\\Application->make('blade.compiler')
#7 [internal function]: Illuminate\\View\\ViewServiceProvider->{closure:Illuminate\\View\\ViewServiceProvider::registerBladeEngine():164}()
#8 /Users/alimadhoun/Desktop/GraduationProject/backend/vendor/laravel/framework/src/Illuminate/View/Engines/EngineResolver.php(55): call_user_func(Object(Closure))
#9 /Users/alimadhoun/Desktop/GraduationProject/backend/vendor/laravel/framework/src/Illuminate/View/Factory.php(325): Illuminate\\View\\Engines\\EngineResolver->resolve('blade')
#10 /Users/alimadhoun/Desktop/GraduationProject/backend/vendor/laravel/framework/src/Illuminate/View/Factory.php(287): Illuminate\\View\\Factory->getEngineFromPath('/Users/alimadho...')
#11 /Users/alimadhoun/Desktop/GraduationProject/backend/vendor/laravel/framework/src/Illuminate/View/Factory.php(159): Illuminate\\View\\Factory->viewInstance('errors::403', '/Users/alimadho...', Array)
#12 /Users/alimadhoun/Desktop/GraduationProject/backend/vendor/laravel/framework/src/Illuminate/Routing/ResponseFactory.php(90): Illuminate\\View\\Factory->make('errors::403', Array)
#13 /Users/alimadhoun/Desktop/GraduationProject/backend/vendor/laravel/framework/src/Illuminate/Foundation/Exceptions/Handler.php(897): Illuminate\\Routing\\ResponseFactory->view('errors::403', Array, 403, Array)
#14 /Users/alimadhoun/Desktop/GraduationProject/backend/vendor/laravel/framework/src/Illuminate/Foundation/Exceptions/Handler.php(818): Illuminate\\Foundation\\Exceptions\\Handler->renderHttpException(Object(Symfony\\Component\\HttpKernel\\Exception\\HttpException))
#15 /Users/alimadhoun/Desktop/GraduationProject/backend/vendor/laravel/framework/src/Illuminate/Foundation/Exceptions/Handler.php(709): Illuminate\\Foundation\\Exceptions\\Handler->prepareResponse(Object(Illuminate\\Http\\Request), Object(Symfony\\Component\\HttpKernel\\Exception\\HttpException))
#16 /Users/alimadhoun/Desktop/GraduationProject/backend/vendor/laravel/framework/src/Illuminate/Foundation/Exceptions/Handler.php(597): Illuminate\\Foundation\\Exceptions\\Handler->renderExceptionResponse(Object(Illuminate\\Http\\Request), Object(Symfony\\Component\\HttpKernel\\Exception\\HttpException))
#17 /Users/alimadhoun/Desktop/GraduationProject/backend/vendor/laravel/framework/src/Illuminate/Routing/Pipeline.php(51): Illuminate\\Foundation\\Exceptions\\Handler->render(Object(Illuminate\\Http\\Request), Object(Symfony\\Component\\HttpKernel\\Exception\\HttpException))
#18 /Users/alimadhoun/Desktop/GraduationProject/backend/vendor/laravel/framework/src/Illuminate/Pipeline/Pipeline.php(171): Illuminate\\Routing\\Pipeline->handleException(Object(Illuminate\\Http\\Request), Object(Symfony\\Component\\HttpKernel\\Exception\\HttpException))
#19 /Users/alimadhoun/Desktop/GraduationProject/backend/vendor/laravel/framework/src/Illuminate/Pipeline/Pipeline.php(126): Illuminate\\Pipeline\\Pipeline->{closure:Illuminate\\Pipeline\\Pipeline::prepareDestination():167}(Object(Illuminate\\Http\\Request))
#20 /Users/alimadhoun/Desktop/GraduationProject/backend/vendor/laravel/framework/src/Illuminate/Routing/Router.php(807): Illuminate\\Pipeline\\Pipeline->then(Object(Closure))
#21 /Users/alimadhoun/Desktop/GraduationProject/backend/vendor/laravel/framework/src/Illuminate/Routing/Router.php(786): Illuminate\\Routing\\Router->runRouteWithinStack(Object(Illuminate\\Routing\\Route), Object(Illuminate\\Http\\Request))
#22 /Users/alimadhoun/Desktop/GraduationProject/backend/vendor/laravel/framework/src/Illuminate/Routing/Router.php(750): Illuminate\\Routing\\Router->runRoute(Object(Illuminate\\Http\\Request), Object(Illuminate\\Routing\\Route))
#23 /Users/alimadhoun/Desktop/GraduationProject/backend/vendor/laravel/framework/src/Illuminate/Routing/Router.php(739): Illuminate\\Routing\\Router->dispatchToRoute(Object(Illuminate\\Http\\Request))
#24 /Users/alimadhoun/Desktop/GraduationProject/backend/vendor/laravel/framework/src/Illuminate/Foundation/Http/Kernel.php(200): Illuminate\\Routing\\Router->dispatch(Object(Illuminate\\Http\\Request))
#25 /Users/alimadhoun/Desktop/GraduationProject/backend/vendor/laravel/framework/src/Illuminate/Pipeline/Pipeline.php(169): Illuminate\\Foundation\\Http\\Kernel->{closure:Illuminate\\Foundation\\Http\\Kernel::dispatchToRouter():197}(Object(Illuminate\\Http\\Request))
#26 /Users/alimadhoun/Desktop/GraduationProject/backend/vendor/laravel/framework/src/Illuminate/Foundation/Http/Middleware/TransformsRequest.php(21): Illuminate\\Pipeline\\Pipeline->{closure:Illuminate\\Pipeline\\Pipeline::prepareDestination():167}(Object(Illuminate\\Http\\Request))
#27 /Users/alimadhoun/Desktop/GraduationProject/backend/vendor/laravel/framework/src/Illuminate/Foundation/Http/Middleware/ConvertEmptyStringsToNull.php(31): Illuminate\\Foundation\\Http\\Middleware\\TransformsRequest->handle(Object(Illuminate\\Http\\Request), Object(Closure))
#28 /Users/alimadhoun/Desktop/GraduationProject/backend/vendor/laravel/framework/src/Illuminate/Pipeline/Pipeline.php(208): Illuminate\\Foundation\\Http\\Middleware\\ConvertEmptyStringsToNull->handle(Object(Illuminate\\Http\\Request), Object(Closure))
#29 /Users/alimadhoun/Desktop/GraduationProject/backend/vendor/laravel/framework/src/Illuminate/Foundation/Http/Middleware/TransformsRequest.php(21): Illuminate\\Pipeline\\Pipeline->{closure:{closure:Illuminate\\Pipeline\\Pipeline::carry():183}:184}(Object(Illuminate\\Http\\Request))
#30 /Users/alimadhoun/Desktop/GraduationProject/backend/vendor/laravel/framework/src/Illuminate/Foundation/Http/Middleware/TrimStrings.php(51): Illuminate\\Foundation\\Http\\Middleware\\TransformsRequest->handle(Object(Illuminate\\Http\\Request), Object(Closure))
#31 /Users/alimadhoun/Desktop/GraduationProject/backend/vendor/laravel/framework/src/Illuminate/Pipeline/Pipeline.php(208): Illuminate\\Foundation\\Http\\Middleware\\TrimStrings->handle(Object(Illuminate\\Http\\Request), Object(Closure))
#32 /Users/alimadhoun/Desktop/GraduationProject/backend/vendor/laravel/framework/src/Illuminate/Http/Middleware/ValidatePostSize.php(27): Illuminate\\Pipeline\\Pipeline->{closure:{closure:Illuminate\\Pipeline\\Pipeline::carry():183}:184}(Object(Illuminate\\Http\\Request))
#33 /Users/alimadhoun/Desktop/GraduationProject/backend/vendor/laravel/framework/src/Illuminate/Pipeline/Pipeline.php(208): Illuminate\\Http\\Middleware\\ValidatePostSize->handle(Object(Illuminate\\Http\\Request), Object(Closure))
#34 /Users/alimadhoun/Desktop/GraduationProject/backend/vendor/laravel/framework/src/Illuminate/Foundation/Http/Middleware/PreventRequestsDuringMaintenance.php(109): Illuminate\\Pipeline\\Pipeline->{closure:{closure:Illuminate\\Pipeline\\Pipeline::carry():183}:184}(Object(Illuminate\\Http\\Request))
#35 /Users/alimadhoun/Desktop/GraduationProject/backend/vendor/laravel/framework/src/Illuminate/Pipeline/Pipeline.php(208): Illuminate\\Foundation\\Http\\Middleware\\PreventRequestsDuringMaintenance->handle(Object(Illuminate\\Http\\Request), Object(Closure))
#36 /Users/alimadhoun/Desktop/GraduationProject/backend/vendor/laravel/framework/src/Illuminate/Http/Middleware/HandleCors.php(48): Illuminate\\Pipeline\\Pipeline->{closure:{closure:Illuminate\\Pipeline\\Pipeline::carry():183}:184}(Object(Illuminate\\Http\\Request))
#37 /Users/alimadhoun/Desktop/GraduationProject/backend/vendor/laravel/framework/src/Illuminate/Pipeline/Pipeline.php(208): Illuminate\\Http\\Middleware\\HandleCors->handle(Object(Illuminate\\Http\\Request), Object(Closure))
#38 /Users/alimadhoun/Desktop/GraduationProject/backend/vendor/laravel/framework/src/Illuminate/Http/Middleware/TrustProxies.php(58): Illuminate\\Pipeline\\Pipeline->{closure:{closure:Illuminate\\Pipeline\\Pipeline::carry():183}:184}(Object(Illuminate\\Http\\Request))
#39 /Users/alimadhoun/Desktop/GraduationProject/backend/vendor/laravel/framework/src/Illuminate/Pipeline/Pipeline.php(208): Illuminate\\Http\\Middleware\\TrustProxies->handle(Object(Illuminate\\Http\\Request), Object(Closure))
#40 /Users/alimadhoun/Desktop/GraduationProject/backend/vendor/laravel/framework/src/Illuminate/Foundation/Http/Middleware/InvokeDeferredCallbacks.php(22): Illuminate\\Pipeline\\Pipeline->{closure:{closure:Illuminate\\Pipeline\\Pipeline::carry():183}:184}(Object(Illuminate\\Http\\Request))
#41 /Users/alimadhoun/Desktop/GraduationProject/backend/vendor/laravel/framework/src/Illuminate/Pipeline/Pipeline.php(208): Illuminate\\Foundation\\Http\\Middleware\\InvokeDeferredCallbacks->handle(Object(Illuminate\\Http\\Request), Object(Closure))
#42 /Users/alimadhoun/Desktop/GraduationProject/backend/vendor/laravel/framework/src/Illuminate/Http/Middleware/ValidatePathEncoding.php(26): Illuminate\\Pipeline\\Pipeline->{closure:{closure:Illuminate\\Pipeline\\Pipeline::carry():183}:184}(Object(Illuminate\\Http\\Request))
#43 /Users/alimadhoun/Desktop/GraduationProject/backend/vendor/laravel/framework/src/Illuminate/Pipeline/Pipeline.php(208): Illuminate\\Http\\Middleware\\ValidatePathEncoding->handle(Object(Illuminate\\Http\\Request), Object(Closure))
#44 /Users/alimadhoun/Desktop/GraduationProject/backend/vendor/laravel/framework/src/Illuminate/Pipeline/Pipeline.php(126): Illuminate\\Pipeline\\Pipeline->{closure:{closure:Illuminate\\Pipeline\\Pipeline::carry():183}:184}(Object(Illuminate\\Http\\Request))
#45 /Users/alimadhoun/Desktop/GraduationProject/backend/vendor/laravel/framework/src/Illuminate/Foundation/Http/Kernel.php(175): Illuminate\\Pipeline\\Pipeline->then(Object(Closure))
#46 /Users/alimadhoun/Desktop/GraduationProject/backend/vendor/laravel/framework/src/Illuminate/Foundation/Http/Kernel.php(144): Illuminate\\Foundation\\Http\\Kernel->sendRequestThroughRouter(Object(Illuminate\\Http\\Request))
#47 /Users/alimadhoun/Desktop/GraduationProject/backend/vendor/laravel/framework/src/Illuminate/Foundation/Application.php(1219): Illuminate\\Foundation\\Http\\Kernel->handle(Object(Illuminate\\Http\\Request))
#48 /Users/alimadhoun/Desktop/GraduationProject/backend/public/index.php(20): Illuminate\\Foundation\\Application->handleRequest(Object(Illuminate\\Http\\Request))
#49 /Users/alimadhoun/Desktop/GraduationProject/backend/vendor/laravel/framework/src/Illuminate/Foundation/resources/server.php(23): require_once('/Users/alimadho...')
#50 {main}
"} 
[2025-05-03 10:23:13] local.ERROR: Please provide a valid cache path. {"exception":"[object] (InvalidArgumentException(code: 0): Please provide a valid cache path. at /Users/alimadhoun/Desktop/GraduationProject/backend/vendor/laravel/framework/src/Illuminate/View/Compilers/Compiler.php:66)
[stacktrace]
#0 /Users/alimadhoun/Desktop/GraduationProject/backend/vendor/laravel/framework/src/Illuminate/View/ViewServiceProvider.php(97): Illuminate\\View\\Compilers\\Compiler->__construct(Object(Illuminate\\Filesystem\\Filesystem), false, '', true, 'php')
#1 /Users/alimadhoun/Desktop/GraduationProject/backend/vendor/laravel/framework/src/Illuminate/Container/Container.php(1010): Illuminate\\View\\ViewServiceProvider->{closure:Illuminate\\View\\ViewServiceProvider::registerBladeCompiler():96}(Object(Illuminate\\Foundation\\Application), Array)
#2 /Users/alimadhoun/Desktop/GraduationProject/backend/vendor/laravel/framework/src/Illuminate/Container/Container.php(890): Illuminate\\Container\\Container->build(Object(Closure))
#3 /Users/alimadhoun/Desktop/GraduationProject/backend/vendor/laravel/framework/src/Illuminate/Foundation/Application.php(1077): Illuminate\\Container\\Container->resolve('blade.compiler', Array, true)
#4 /Users/alimadhoun/Desktop/GraduationProject/backend/vendor/laravel/framework/src/Illuminate/Container/Container.php(821): Illuminate\\Foundation\\Application->resolve('blade.compiler', Array)
#5 /Users/alimadhoun/Desktop/GraduationProject/backend/vendor/laravel/framework/src/Illuminate/Foundation/Application.php(1057): Illuminate\\Container\\Container->make('blade.compiler', Array)
#6 /Users/alimadhoun/Desktop/GraduationProject/backend/vendor/laravel/framework/src/Illuminate/View/ViewServiceProvider.php(168): Illuminate\\Foundation\\Application->make('blade.compiler')
#7 [internal function]: Illuminate\\View\\ViewServiceProvider->{closure:Illuminate\\View\\ViewServiceProvider::registerBladeEngine():164}()
#8 /Users/alimadhoun/Desktop/GraduationProject/backend/vendor/laravel/framework/src/Illuminate/View/Engines/EngineResolver.php(55): call_user_func(Object(Closure))
#9 /Users/alimadhoun/Desktop/GraduationProject/backend/vendor/laravel/framework/src/Illuminate/View/Factory.php(325): Illuminate\\View\\Engines\\EngineResolver->resolve('blade')
#10 /Users/alimadhoun/Desktop/GraduationProject/backend/vendor/laravel/framework/src/Illuminate/View/Factory.php(287): Illuminate\\View\\Factory->getEngineFromPath('/Users/alimadho...')
#11 /Users/alimadhoun/Desktop/GraduationProject/backend/vendor/laravel/framework/src/Illuminate/View/Factory.php(159): Illuminate\\View\\Factory->viewInstance('errors::403', '/Users/alimadho...', Array)
#12 /Users/alimadhoun/Desktop/GraduationProject/backend/vendor/laravel/framework/src/Illuminate/Routing/ResponseFactory.php(90): Illuminate\\View\\Factory->make('errors::403', Array)
#13 /Users/alimadhoun/Desktop/GraduationProject/backend/vendor/laravel/framework/src/Illuminate/Foundation/Exceptions/Handler.php(897): Illuminate\\Routing\\ResponseFactory->view('errors::403', Array, 403, Array)
#14 /Users/alimadhoun/Desktop/GraduationProject/backend/vendor/laravel/framework/src/Illuminate/Foundation/Exceptions/Handler.php(818): Illuminate\\Foundation\\Exceptions\\Handler->renderHttpException(Object(Symfony\\Component\\HttpKernel\\Exception\\HttpException))
#15 /Users/alimadhoun/Desktop/GraduationProject/backend/vendor/laravel/framework/src/Illuminate/Foundation/Exceptions/Handler.php(709): Illuminate\\Foundation\\Exceptions\\Handler->prepareResponse(Object(Illuminate\\Http\\Request), Object(Symfony\\Component\\HttpKernel\\Exception\\HttpException))
#16 /Users/alimadhoun/Desktop/GraduationProject/backend/vendor/laravel/framework/src/Illuminate/Foundation/Exceptions/Handler.php(597): Illuminate\\Foundation\\Exceptions\\Handler->renderExceptionResponse(Object(Illuminate\\Http\\Request), Object(Symfony\\Component\\HttpKernel\\Exception\\HttpException))
#17 /Users/alimadhoun/Desktop/GraduationProject/backend/vendor/laravel/framework/src/Illuminate/Routing/Pipeline.php(51): Illuminate\\Foundation\\Exceptions\\Handler->render(Object(Illuminate\\Http\\Request), Object(Symfony\\Component\\HttpKernel\\Exception\\HttpException))
#18 /Users/alimadhoun/Desktop/GraduationProject/backend/vendor/laravel/framework/src/Illuminate/Pipeline/Pipeline.php(171): Illuminate\\Routing\\Pipeline->handleException(Object(Illuminate\\Http\\Request), Object(Symfony\\Component\\HttpKernel\\Exception\\HttpException))
#19 /Users/alimadhoun/Desktop/GraduationProject/backend/vendor/laravel/framework/src/Illuminate/Pipeline/Pipeline.php(126): Illuminate\\Pipeline\\Pipeline->{closure:Illuminate\\Pipeline\\Pipeline::prepareDestination():167}(Object(Illuminate\\Http\\Request))
#20 /Users/alimadhoun/Desktop/GraduationProject/backend/vendor/laravel/framework/src/Illuminate/Routing/Router.php(807): Illuminate\\Pipeline\\Pipeline->then(Object(Closure))
#21 /Users/alimadhoun/Desktop/GraduationProject/backend/vendor/laravel/framework/src/Illuminate/Routing/Router.php(786): Illuminate\\Routing\\Router->runRouteWithinStack(Object(Illuminate\\Routing\\Route), Object(Illuminate\\Http\\Request))
#22 /Users/alimadhoun/Desktop/GraduationProject/backend/vendor/laravel/framework/src/Illuminate/Routing/Router.php(750): Illuminate\\Routing\\Router->runRoute(Object(Illuminate\\Http\\Request), Object(Illuminate\\Routing\\Route))
#23 /Users/alimadhoun/Desktop/GraduationProject/backend/vendor/laravel/framework/src/Illuminate/Routing/Router.php(739): Illuminate\\Routing\\Router->dispatchToRoute(Object(Illuminate\\Http\\Request))
#24 /Users/alimadhoun/Desktop/GraduationProject/backend/vendor/laravel/framework/src/Illuminate/Foundation/Http/Kernel.php(200): Illuminate\\Routing\\Router->dispatch(Object(Illuminate\\Http\\Request))
#25 /Users/alimadhoun/Desktop/GraduationProject/backend/vendor/laravel/framework/src/Illuminate/Pipeline/Pipeline.php(169): Illuminate\\Foundation\\Http\\Kernel->{closure:Illuminate\\Foundation\\Http\\Kernel::dispatchToRouter():197}(Object(Illuminate\\Http\\Request))
#26 /Users/alimadhoun/Desktop/GraduationProject/backend/vendor/laravel/framework/src/Illuminate/Foundation/Http/Middleware/TransformsRequest.php(21): Illuminate\\Pipeline\\Pipeline->{closure:Illuminate\\Pipeline\\Pipeline::prepareDestination():167}(Object(Illuminate\\Http\\Request))
#27 /Users/alimadhoun/Desktop/GraduationProject/backend/vendor/laravel/framework/src/Illuminate/Foundation/Http/Middleware/ConvertEmptyStringsToNull.php(31): Illuminate\\Foundation\\Http\\Middleware\\TransformsRequest->handle(Object(Illuminate\\Http\\Request), Object(Closure))
#28 /Users/alimadhoun/Desktop/GraduationProject/backend/vendor/laravel/framework/src/Illuminate/Pipeline/Pipeline.php(208): Illuminate\\Foundation\\Http\\Middleware\\ConvertEmptyStringsToNull->handle(Object(Illuminate\\Http\\Request), Object(Closure))
#29 /Users/alimadhoun/Desktop/GraduationProject/backend/vendor/laravel/framework/src/Illuminate/Foundation/Http/Middleware/TransformsRequest.php(21): Illuminate\\Pipeline\\Pipeline->{closure:{closure:Illuminate\\Pipeline\\Pipeline::carry():183}:184}(Object(Illuminate\\Http\\Request))
#30 /Users/alimadhoun/Desktop/GraduationProject/backend/vendor/laravel/framework/src/Illuminate/Foundation/Http/Middleware/TrimStrings.php(51): Illuminate\\Foundation\\Http\\Middleware\\TransformsRequest->handle(Object(Illuminate\\Http\\Request), Object(Closure))
#31 /Users/alimadhoun/Desktop/GraduationProject/backend/vendor/laravel/framework/src/Illuminate/Pipeline/Pipeline.php(208): Illuminate\\Foundation\\Http\\Middleware\\TrimStrings->handle(Object(Illuminate\\Http\\Request), Object(Closure))
#32 /Users/alimadhoun/Desktop/GraduationProject/backend/vendor/laravel/framework/src/Illuminate/Http/Middleware/ValidatePostSize.php(27): Illuminate\\Pipeline\\Pipeline->{closure:{closure:Illuminate\\Pipeline\\Pipeline::carry():183}:184}(Object(Illuminate\\Http\\Request))
#33 /Users/alimadhoun/Desktop/GraduationProject/backend/vendor/laravel/framework/src/Illuminate/Pipeline/Pipeline.php(208): Illuminate\\Http\\Middleware\\ValidatePostSize->handle(Object(Illuminate\\Http\\Request), Object(Closure))
#34 /Users/alimadhoun/Desktop/GraduationProject/backend/vendor/laravel/framework/src/Illuminate/Foundation/Http/Middleware/PreventRequestsDuringMaintenance.php(109): Illuminate\\Pipeline\\Pipeline->{closure:{closure:Illuminate\\Pipeline\\Pipeline::carry():183}:184}(Object(Illuminate\\Http\\Request))
#35 /Users/alimadhoun/Desktop/GraduationProject/backend/vendor/laravel/framework/src/Illuminate/Pipeline/Pipeline.php(208): Illuminate\\Foundation\\Http\\Middleware\\PreventRequestsDuringMaintenance->handle(Object(Illuminate\\Http\\Request), Object(Closure))
#36 /Users/alimadhoun/Desktop/GraduationProject/backend/vendor/laravel/framework/src/Illuminate/Http/Middleware/HandleCors.php(48): Illuminate\\Pipeline\\Pipeline->{closure:{closure:Illuminate\\Pipeline\\Pipeline::carry():183}:184}(Object(Illuminate\\Http\\Request))
#37 /Users/alimadhoun/Desktop/GraduationProject/backend/vendor/laravel/framework/src/Illuminate/Pipeline/Pipeline.php(208): Illuminate\\Http\\Middleware\\HandleCors->handle(Object(Illuminate\\Http\\Request), Object(Closure))
#38 /Users/alimadhoun/Desktop/GraduationProject/backend/vendor/laravel/framework/src/Illuminate/Http/Middleware/TrustProxies.php(58): Illuminate\\Pipeline\\Pipeline->{closure:{closure:Illuminate\\Pipeline\\Pipeline::carry():183}:184}(Object(Illuminate\\Http\\Request))
#39 /Users/alimadhoun/Desktop/GraduationProject/backend/vendor/laravel/framework/src/Illuminate/Pipeline/Pipeline.php(208): Illuminate\\Http\\Middleware\\TrustProxies->handle(Object(Illuminate\\Http\\Request), Object(Closure))
#40 /Users/alimadhoun/Desktop/GraduationProject/backend/vendor/laravel/framework/src/Illuminate/Foundation/Http/Middleware/InvokeDeferredCallbacks.php(22): Illuminate\\Pipeline\\Pipeline->{closure:{closure:Illuminate\\Pipeline\\Pipeline::carry():183}:184}(Object(Illuminate\\Http\\Request))
#41 /Users/alimadhoun/Desktop/GraduationProject/backend/vendor/laravel/framework/src/Illuminate/Pipeline/Pipeline.php(208): Illuminate\\Foundation\\Http\\Middleware\\InvokeDeferredCallbacks->handle(Object(Illuminate\\Http\\Request), Object(Closure))
#42 /Users/alimadhoun/Desktop/GraduationProject/backend/vendor/laravel/framework/src/Illuminate/Http/Middleware/ValidatePathEncoding.php(26): Illuminate\\Pipeline\\Pipeline->{closure:{closure:Illuminate\\Pipeline\\Pipeline::carry():183}:184}(Object(Illuminate\\Http\\Request))
#43 /Users/alimadhoun/Desktop/GraduationProject/backend/vendor/laravel/framework/src/Illuminate/Pipeline/Pipeline.php(208): Illuminate\\Http\\Middleware\\ValidatePathEncoding->handle(Object(Illuminate\\Http\\Request), Object(Closure))
#44 /Users/alimadhoun/Desktop/GraduationProject/backend/vendor/laravel/framework/src/Illuminate/Pipeline/Pipeline.php(126): Illuminate\\Pipeline\\Pipeline->{closure:{closure:Illuminate\\Pipeline\\Pipeline::carry():183}:184}(Object(Illuminate\\Http\\Request))
#45 /Users/alimadhoun/Desktop/GraduationProject/backend/vendor/laravel/framework/src/Illuminate/Foundation/Http/Kernel.php(175): Illuminate\\Pipeline\\Pipeline->then(Object(Closure))
#46 /Users/alimadhoun/Desktop/GraduationProject/backend/vendor/laravel/framework/src/Illuminate/Foundation/Http/Kernel.php(144): Illuminate\\Foundation\\Http\\Kernel->sendRequestThroughRouter(Object(Illuminate\\Http\\Request))
#47 /Users/alimadhoun/Desktop/GraduationProject/backend/vendor/laravel/framework/src/Illuminate/Foundation/Application.php(1219): Illuminate\\Foundation\\Http\\Kernel->handle(Object(Illuminate\\Http\\Request))
#48 /Users/alimadhoun/Desktop/GraduationProject/backend/public/index.php(20): Illuminate\\Foundation\\Application->handleRequest(Object(Illuminate\\Http\\Request))
#49 /Users/alimadhoun/Desktop/GraduationProject/backend/vendor/laravel/framework/src/Illuminate/Foundation/resources/server.php(23): require_once('/Users/alimadho...')
#50 {main}
"} 
[2025-05-03 10:23:17] local.ERROR: Please provide a valid cache path. {"exception":"[object] (InvalidArgumentException(code: 0): Please provide a valid cache path. at /Users/alimadhoun/Desktop/GraduationProject/backend/vendor/laravel/framework/src/Illuminate/View/Compilers/Compiler.php:66)
[stacktrace]
#0 /Users/alimadhoun/Desktop/GraduationProject/backend/vendor/laravel/framework/src/Illuminate/View/ViewServiceProvider.php(97): Illuminate\\View\\Compilers\\Compiler->__construct(Object(Illuminate\\Filesystem\\Filesystem), false, '', true, 'php')
#1 /Users/alimadhoun/Desktop/GraduationProject/backend/vendor/laravel/framework/src/Illuminate/Container/Container.php(1010): Illuminate\\View\\ViewServiceProvider->{closure:Illuminate\\View\\ViewServiceProvider::registerBladeCompiler():96}(Object(Illuminate\\Foundation\\Application), Array)
#2 /Users/alimadhoun/Desktop/GraduationProject/backend/vendor/laravel/framework/src/Illuminate/Container/Container.php(890): Illuminate\\Container\\Container->build(Object(Closure))
#3 /Users/alimadhoun/Desktop/GraduationProject/backend/vendor/laravel/framework/src/Illuminate/Foundation/Application.php(1077): Illuminate\\Container\\Container->resolve('blade.compiler', Array, true)
#4 /Users/alimadhoun/Desktop/GraduationProject/backend/vendor/laravel/framework/src/Illuminate/Container/Container.php(821): Illuminate\\Foundation\\Application->resolve('blade.compiler', Array)
#5 /Users/alimadhoun/Desktop/GraduationProject/backend/vendor/laravel/framework/src/Illuminate/Foundation/Application.php(1057): Illuminate\\Container\\Container->make('blade.compiler', Array)
#6 /Users/alimadhoun/Desktop/GraduationProject/backend/vendor/laravel/framework/src/Illuminate/View/ViewServiceProvider.php(168): Illuminate\\Foundation\\Application->make('blade.compiler')
#7 [internal function]: Illuminate\\View\\ViewServiceProvider->{closure:Illuminate\\View\\ViewServiceProvider::registerBladeEngine():164}()
#8 /Users/alimadhoun/Desktop/GraduationProject/backend/vendor/laravel/framework/src/Illuminate/View/Engines/EngineResolver.php(55): call_user_func(Object(Closure))
#9 /Users/alimadhoun/Desktop/GraduationProject/backend/vendor/laravel/framework/src/Illuminate/View/Factory.php(325): Illuminate\\View\\Engines\\EngineResolver->resolve('blade')
#10 /Users/alimadhoun/Desktop/GraduationProject/backend/vendor/laravel/framework/src/Illuminate/View/Factory.php(287): Illuminate\\View\\Factory->getEngineFromPath('/Users/alimadho...')
#11 /Users/alimadhoun/Desktop/GraduationProject/backend/vendor/laravel/framework/src/Illuminate/View/Factory.php(159): Illuminate\\View\\Factory->viewInstance('errors::403', '/Users/alimadho...', Array)
#12 /Users/alimadhoun/Desktop/GraduationProject/backend/vendor/laravel/framework/src/Illuminate/Routing/ResponseFactory.php(90): Illuminate\\View\\Factory->make('errors::403', Array)
#13 /Users/alimadhoun/Desktop/GraduationProject/backend/vendor/laravel/framework/src/Illuminate/Foundation/Exceptions/Handler.php(897): Illuminate\\Routing\\ResponseFactory->view('errors::403', Array, 403, Array)
#14 /Users/alimadhoun/Desktop/GraduationProject/backend/vendor/laravel/framework/src/Illuminate/Foundation/Exceptions/Handler.php(818): Illuminate\\Foundation\\Exceptions\\Handler->renderHttpException(Object(Symfony\\Component\\HttpKernel\\Exception\\HttpException))
#15 /Users/alimadhoun/Desktop/GraduationProject/backend/vendor/laravel/framework/src/Illuminate/Foundation/Exceptions/Handler.php(709): Illuminate\\Foundation\\Exceptions\\Handler->prepareResponse(Object(Illuminate\\Http\\Request), Object(Symfony\\Component\\HttpKernel\\Exception\\HttpException))
#16 /Users/alimadhoun/Desktop/GraduationProject/backend/vendor/laravel/framework/src/Illuminate/Foundation/Exceptions/Handler.php(597): Illuminate\\Foundation\\Exceptions\\Handler->renderExceptionResponse(Object(Illuminate\\Http\\Request), Object(Symfony\\Component\\HttpKernel\\Exception\\HttpException))
#17 /Users/alimadhoun/Desktop/GraduationProject/backend/vendor/laravel/framework/src/Illuminate/Routing/Pipeline.php(51): Illuminate\\Foundation\\Exceptions\\Handler->render(Object(Illuminate\\Http\\Request), Object(Symfony\\Component\\HttpKernel\\Exception\\HttpException))
#18 /Users/alimadhoun/Desktop/GraduationProject/backend/vendor/laravel/framework/src/Illuminate/Pipeline/Pipeline.php(171): Illuminate\\Routing\\Pipeline->handleException(Object(Illuminate\\Http\\Request), Object(Symfony\\Component\\HttpKernel\\Exception\\HttpException))
#19 /Users/alimadhoun/Desktop/GraduationProject/backend/vendor/laravel/framework/src/Illuminate/Pipeline/Pipeline.php(126): Illuminate\\Pipeline\\Pipeline->{closure:Illuminate\\Pipeline\\Pipeline::prepareDestination():167}(Object(Illuminate\\Http\\Request))
#20 /Users/alimadhoun/Desktop/GraduationProject/backend/vendor/laravel/framework/src/Illuminate/Routing/Router.php(807): Illuminate\\Pipeline\\Pipeline->then(Object(Closure))
#21 /Users/alimadhoun/Desktop/GraduationProject/backend/vendor/laravel/framework/src/Illuminate/Routing/Router.php(786): Illuminate\\Routing\\Router->runRouteWithinStack(Object(Illuminate\\Routing\\Route), Object(Illuminate\\Http\\Request))
#22 /Users/alimadhoun/Desktop/GraduationProject/backend/vendor/laravel/framework/src/Illuminate/Routing/Router.php(750): Illuminate\\Routing\\Router->runRoute(Object(Illuminate\\Http\\Request), Object(Illuminate\\Routing\\Route))
#23 /Users/alimadhoun/Desktop/GraduationProject/backend/vendor/laravel/framework/src/Illuminate/Routing/Router.php(739): Illuminate\\Routing\\Router->dispatchToRoute(Object(Illuminate\\Http\\Request))
#24 /Users/alimadhoun/Desktop/GraduationProject/backend/vendor/laravel/framework/src/Illuminate/Foundation/Http/Kernel.php(200): Illuminate\\Routing\\Router->dispatch(Object(Illuminate\\Http\\Request))
#25 /Users/alimadhoun/Desktop/GraduationProject/backend/vendor/laravel/framework/src/Illuminate/Pipeline/Pipeline.php(169): Illuminate\\Foundation\\Http\\Kernel->{closure:Illuminate\\Foundation\\Http\\Kernel::dispatchToRouter():197}(Object(Illuminate\\Http\\Request))
#26 /Users/alimadhoun/Desktop/GraduationProject/backend/vendor/laravel/framework/src/Illuminate/Foundation/Http/Middleware/TransformsRequest.php(21): Illuminate\\Pipeline\\Pipeline->{closure:Illuminate\\Pipeline\\Pipeline::prepareDestination():167}(Object(Illuminate\\Http\\Request))
#27 /Users/alimadhoun/Desktop/GraduationProject/backend/vendor/laravel/framework/src/Illuminate/Foundation/Http/Middleware/ConvertEmptyStringsToNull.php(31): Illuminate\\Foundation\\Http\\Middleware\\TransformsRequest->handle(Object(Illuminate\\Http\\Request), Object(Closure))
#28 /Users/alimadhoun/Desktop/GraduationProject/backend/vendor/laravel/framework/src/Illuminate/Pipeline/Pipeline.php(208): Illuminate\\Foundation\\Http\\Middleware\\ConvertEmptyStringsToNull->handle(Object(Illuminate\\Http\\Request), Object(Closure))
#29 /Users/alimadhoun/Desktop/GraduationProject/backend/vendor/laravel/framework/src/Illuminate/Foundation/Http/Middleware/TransformsRequest.php(21): Illuminate\\Pipeline\\Pipeline->{closure:{closure:Illuminate\\Pipeline\\Pipeline::carry():183}:184}(Object(Illuminate\\Http\\Request))
#30 /Users/alimadhoun/Desktop/GraduationProject/backend/vendor/laravel/framework/src/Illuminate/Foundation/Http/Middleware/TrimStrings.php(51): Illuminate\\Foundation\\Http\\Middleware\\TransformsRequest->handle(Object(Illuminate\\Http\\Request), Object(Closure))
#31 /Users/alimadhoun/Desktop/GraduationProject/backend/vendor/laravel/framework/src/Illuminate/Pipeline/Pipeline.php(208): Illuminate\\Foundation\\Http\\Middleware\\TrimStrings->handle(Object(Illuminate\\Http\\Request), Object(Closure))
#32 /Users/alimadhoun/Desktop/GraduationProject/backend/vendor/laravel/framework/src/Illuminate/Http/Middleware/ValidatePostSize.php(27): Illuminate\\Pipeline\\Pipeline->{closure:{closure:Illuminate\\Pipeline\\Pipeline::carry():183}:184}(Object(Illuminate\\Http\\Request))
#33 /Users/alimadhoun/Desktop/GraduationProject/backend/vendor/laravel/framework/src/Illuminate/Pipeline/Pipeline.php(208): Illuminate\\Http\\Middleware\\ValidatePostSize->handle(Object(Illuminate\\Http\\Request), Object(Closure))
#34 /Users/alimadhoun/Desktop/GraduationProject/backend/vendor/laravel/framework/src/Illuminate/Foundation/Http/Middleware/PreventRequestsDuringMaintenance.php(109): Illuminate\\Pipeline\\Pipeline->{closure:{closure:Illuminate\\Pipeline\\Pipeline::carry():183}:184}(Object(Illuminate\\Http\\Request))
#35 /Users/alimadhoun/Desktop/GraduationProject/backend/vendor/laravel/framework/src/Illuminate/Pipeline/Pipeline.php(208): Illuminate\\Foundation\\Http\\Middleware\\PreventRequestsDuringMaintenance->handle(Object(Illuminate\\Http\\Request), Object(Closure))
#36 /Users/alimadhoun/Desktop/GraduationProject/backend/vendor/laravel/framework/src/Illuminate/Http/Middleware/HandleCors.php(48): Illuminate\\Pipeline\\Pipeline->{closure:{closure:Illuminate\\Pipeline\\Pipeline::carry():183}:184}(Object(Illuminate\\Http\\Request))
#37 /Users/alimadhoun/Desktop/GraduationProject/backend/vendor/laravel/framework/src/Illuminate/Pipeline/Pipeline.php(208): Illuminate\\Http\\Middleware\\HandleCors->handle(Object(Illuminate\\Http\\Request), Object(Closure))
#38 /Users/alimadhoun/Desktop/GraduationProject/backend/vendor/laravel/framework/src/Illuminate/Http/Middleware/TrustProxies.php(58): Illuminate\\Pipeline\\Pipeline->{closure:{closure:Illuminate\\Pipeline\\Pipeline::carry():183}:184}(Object(Illuminate\\Http\\Request))
#39 /Users/alimadhoun/Desktop/GraduationProject/backend/vendor/laravel/framework/src/Illuminate/Pipeline/Pipeline.php(208): Illuminate\\Http\\Middleware\\TrustProxies->handle(Object(Illuminate\\Http\\Request), Object(Closure))
#40 /Users/alimadhoun/Desktop/GraduationProject/backend/vendor/laravel/framework/src/Illuminate/Foundation/Http/Middleware/InvokeDeferredCallbacks.php(22): Illuminate\\Pipeline\\Pipeline->{closure:{closure:Illuminate\\Pipeline\\Pipeline::carry():183}:184}(Object(Illuminate\\Http\\Request))
#41 /Users/alimadhoun/Desktop/GraduationProject/backend/vendor/laravel/framework/src/Illuminate/Pipeline/Pipeline.php(208): Illuminate\\Foundation\\Http\\Middleware\\InvokeDeferredCallbacks->handle(Object(Illuminate\\Http\\Request), Object(Closure))
#42 /Users/alimadhoun/Desktop/GraduationProject/backend/vendor/laravel/framework/src/Illuminate/Http/Middleware/ValidatePathEncoding.php(26): Illuminate\\Pipeline\\Pipeline->{closure:{closure:Illuminate\\Pipeline\\Pipeline::carry():183}:184}(Object(Illuminate\\Http\\Request))
#43 /Users/alimadhoun/Desktop/GraduationProject/backend/vendor/laravel/framework/src/Illuminate/Pipeline/Pipeline.php(208): Illuminate\\Http\\Middleware\\ValidatePathEncoding->handle(Object(Illuminate\\Http\\Request), Object(Closure))
#44 /Users/alimadhoun/Desktop/GraduationProject/backend/vendor/laravel/framework/src/Illuminate/Pipeline/Pipeline.php(126): Illuminate\\Pipeline\\Pipeline->{closure:{closure:Illuminate\\Pipeline\\Pipeline::carry():183}:184}(Object(Illuminate\\Http\\Request))
#45 /Users/alimadhoun/Desktop/GraduationProject/backend/vendor/laravel/framework/src/Illuminate/Foundation/Http/Kernel.php(175): Illuminate\\Pipeline\\Pipeline->then(Object(Closure))
#46 /Users/alimadhoun/Desktop/GraduationProject/backend/vendor/laravel/framework/src/Illuminate/Foundation/Http/Kernel.php(144): Illuminate\\Foundation\\Http\\Kernel->sendRequestThroughRouter(Object(Illuminate\\Http\\Request))
#47 /Users/alimadhoun/Desktop/GraduationProject/backend/vendor/laravel/framework/src/Illuminate/Foundation/Application.php(1219): Illuminate\\Foundation\\Http\\Kernel->handle(Object(Illuminate\\Http\\Request))
#48 /Users/alimadhoun/Desktop/GraduationProject/backend/public/index.php(20): Illuminate\\Foundation\\Application->handleRequest(Object(Illuminate\\Http\\Request))
#49 /Users/alimadhoun/Desktop/GraduationProject/backend/vendor/laravel/framework/src/Illuminate/Foundation/resources/server.php(23): require_once('/Users/alimadho...')
#50 {main}
"} 
[2025-05-03 10:23:17] local.ERROR: Please provide a valid cache path. {"exception":"[object] (InvalidArgumentException(code: 0): Please provide a valid cache path. at /Users/alimadhoun/Desktop/GraduationProject/backend/vendor/laravel/framework/src/Illuminate/View/Compilers/Compiler.php:66)
[stacktrace]
#0 /Users/alimadhoun/Desktop/GraduationProject/backend/vendor/laravel/framework/src/Illuminate/View/ViewServiceProvider.php(97): Illuminate\\View\\Compilers\\Compiler->__construct(Object(Illuminate\\Filesystem\\Filesystem), false, '', true, 'php')
#1 /Users/alimadhoun/Desktop/GraduationProject/backend/vendor/laravel/framework/src/Illuminate/Container/Container.php(1010): Illuminate\\View\\ViewServiceProvider->{closure:Illuminate\\View\\ViewServiceProvider::registerBladeCompiler():96}(Object(Illuminate\\Foundation\\Application), Array)
#2 /Users/alimadhoun/Desktop/GraduationProject/backend/vendor/laravel/framework/src/Illuminate/Container/Container.php(890): Illuminate\\Container\\Container->build(Object(Closure))
#3 /Users/alimadhoun/Desktop/GraduationProject/backend/vendor/laravel/framework/src/Illuminate/Foundation/Application.php(1077): Illuminate\\Container\\Container->resolve('blade.compiler', Array, true)
#4 /Users/alimadhoun/Desktop/GraduationProject/backend/vendor/laravel/framework/src/Illuminate/Container/Container.php(821): Illuminate\\Foundation\\Application->resolve('blade.compiler', Array)
#5 /Users/alimadhoun/Desktop/GraduationProject/backend/vendor/laravel/framework/src/Illuminate/Foundation/Application.php(1057): Illuminate\\Container\\Container->make('blade.compiler', Array)
#6 /Users/alimadhoun/Desktop/GraduationProject/backend/vendor/laravel/framework/src/Illuminate/View/ViewServiceProvider.php(168): Illuminate\\Foundation\\Application->make('blade.compiler')
#7 [internal function]: Illuminate\\View\\ViewServiceProvider->{closure:Illuminate\\View\\ViewServiceProvider::registerBladeEngine():164}()
#8 /Users/alimadhoun/Desktop/GraduationProject/backend/vendor/laravel/framework/src/Illuminate/View/Engines/EngineResolver.php(55): call_user_func(Object(Closure))
#9 /Users/alimadhoun/Desktop/GraduationProject/backend/vendor/laravel/framework/src/Illuminate/View/Factory.php(325): Illuminate\\View\\Engines\\EngineResolver->resolve('blade')
#10 /Users/alimadhoun/Desktop/GraduationProject/backend/vendor/laravel/framework/src/Illuminate/View/Factory.php(287): Illuminate\\View\\Factory->getEngineFromPath('/Users/alimadho...')
#11 /Users/alimadhoun/Desktop/GraduationProject/backend/vendor/laravel/framework/src/Illuminate/View/Factory.php(159): Illuminate\\View\\Factory->viewInstance('errors::403', '/Users/alimadho...', Array)
#12 /Users/alimadhoun/Desktop/GraduationProject/backend/vendor/laravel/framework/src/Illuminate/Routing/ResponseFactory.php(90): Illuminate\\View\\Factory->make('errors::403', Array)
#13 /Users/alimadhoun/Desktop/GraduationProject/backend/vendor/laravel/framework/src/Illuminate/Foundation/Exceptions/Handler.php(897): Illuminate\\Routing\\ResponseFactory->view('errors::403', Array, 403, Array)
#14 /Users/alimadhoun/Desktop/GraduationProject/backend/vendor/laravel/framework/src/Illuminate/Foundation/Exceptions/Handler.php(818): Illuminate\\Foundation\\Exceptions\\Handler->renderHttpException(Object(Symfony\\Component\\HttpKernel\\Exception\\HttpException))
#15 /Users/alimadhoun/Desktop/GraduationProject/backend/vendor/laravel/framework/src/Illuminate/Foundation/Exceptions/Handler.php(709): Illuminate\\Foundation\\Exceptions\\Handler->prepareResponse(Object(Illuminate\\Http\\Request), Object(Symfony\\Component\\HttpKernel\\Exception\\HttpException))
#16 /Users/alimadhoun/Desktop/GraduationProject/backend/vendor/laravel/framework/src/Illuminate/Foundation/Exceptions/Handler.php(597): Illuminate\\Foundation\\Exceptions\\Handler->renderExceptionResponse(Object(Illuminate\\Http\\Request), Object(Symfony\\Component\\HttpKernel\\Exception\\HttpException))
#17 /Users/alimadhoun/Desktop/GraduationProject/backend/vendor/laravel/framework/src/Illuminate/Routing/Pipeline.php(51): Illuminate\\Foundation\\Exceptions\\Handler->render(Object(Illuminate\\Http\\Request), Object(Symfony\\Component\\HttpKernel\\Exception\\HttpException))
#18 /Users/alimadhoun/Desktop/GraduationProject/backend/vendor/laravel/framework/src/Illuminate/Pipeline/Pipeline.php(171): Illuminate\\Routing\\Pipeline->handleException(Object(Illuminate\\Http\\Request), Object(Symfony\\Component\\HttpKernel\\Exception\\HttpException))
#19 /Users/alimadhoun/Desktop/GraduationProject/backend/vendor/laravel/framework/src/Illuminate/Pipeline/Pipeline.php(126): Illuminate\\Pipeline\\Pipeline->{closure:Illuminate\\Pipeline\\Pipeline::prepareDestination():167}(Object(Illuminate\\Http\\Request))
#20 /Users/alimadhoun/Desktop/GraduationProject/backend/vendor/laravel/framework/src/Illuminate/Routing/Router.php(807): Illuminate\\Pipeline\\Pipeline->then(Object(Closure))
#21 /Users/alimadhoun/Desktop/GraduationProject/backend/vendor/laravel/framework/src/Illuminate/Routing/Router.php(786): Illuminate\\Routing\\Router->runRouteWithinStack(Object(Illuminate\\Routing\\Route), Object(Illuminate\\Http\\Request))
#22 /Users/alimadhoun/Desktop/GraduationProject/backend/vendor/laravel/framework/src/Illuminate/Routing/Router.php(750): Illuminate\\Routing\\Router->runRoute(Object(Illuminate\\Http\\Request), Object(Illuminate\\Routing\\Route))
#23 /Users/alimadhoun/Desktop/GraduationProject/backend/vendor/laravel/framework/src/Illuminate/Routing/Router.php(739): Illuminate\\Routing\\Router->dispatchToRoute(Object(Illuminate\\Http\\Request))
#24 /Users/alimadhoun/Desktop/GraduationProject/backend/vendor/laravel/framework/src/Illuminate/Foundation/Http/Kernel.php(200): Illuminate\\Routing\\Router->dispatch(Object(Illuminate\\Http\\Request))
#25 /Users/alimadhoun/Desktop/GraduationProject/backend/vendor/laravel/framework/src/Illuminate/Pipeline/Pipeline.php(169): Illuminate\\Foundation\\Http\\Kernel->{closure:Illuminate\\Foundation\\Http\\Kernel::dispatchToRouter():197}(Object(Illuminate\\Http\\Request))
#26 /Users/alimadhoun/Desktop/GraduationProject/backend/vendor/laravel/framework/src/Illuminate/Foundation/Http/Middleware/TransformsRequest.php(21): Illuminate\\Pipeline\\Pipeline->{closure:Illuminate\\Pipeline\\Pipeline::prepareDestination():167}(Object(Illuminate\\Http\\Request))
#27 /Users/alimadhoun/Desktop/GraduationProject/backend/vendor/laravel/framework/src/Illuminate/Foundation/Http/Middleware/ConvertEmptyStringsToNull.php(31): Illuminate\\Foundation\\Http\\Middleware\\TransformsRequest->handle(Object(Illuminate\\Http\\Request), Object(Closure))
#28 /Users/alimadhoun/Desktop/GraduationProject/backend/vendor/laravel/framework/src/Illuminate/Pipeline/Pipeline.php(208): Illuminate\\Foundation\\Http\\Middleware\\ConvertEmptyStringsToNull->handle(Object(Illuminate\\Http\\Request), Object(Closure))
#29 /Users/alimadhoun/Desktop/GraduationProject/backend/vendor/laravel/framework/src/Illuminate/Foundation/Http/Middleware/TransformsRequest.php(21): Illuminate\\Pipeline\\Pipeline->{closure:{closure:Illuminate\\Pipeline\\Pipeline::carry():183}:184}(Object(Illuminate\\Http\\Request))
#30 /Users/alimadhoun/Desktop/GraduationProject/backend/vendor/laravel/framework/src/Illuminate/Foundation/Http/Middleware/TrimStrings.php(51): Illuminate\\Foundation\\Http\\Middleware\\TransformsRequest->handle(Object(Illuminate\\Http\\Request), Object(Closure))
#31 /Users/alimadhoun/Desktop/GraduationProject/backend/vendor/laravel/framework/src/Illuminate/Pipeline/Pipeline.php(208): Illuminate\\Foundation\\Http\\Middleware\\TrimStrings->handle(Object(Illuminate\\Http\\Request), Object(Closure))
#32 /Users/alimadhoun/Desktop/GraduationProject/backend/vendor/laravel/framework/src/Illuminate/Http/Middleware/ValidatePostSize.php(27): Illuminate\\Pipeline\\Pipeline->{closure:{closure:Illuminate\\Pipeline\\Pipeline::carry():183}:184}(Object(Illuminate\\Http\\Request))
#33 /Users/alimadhoun/Desktop/GraduationProject/backend/vendor/laravel/framework/src/Illuminate/Pipeline/Pipeline.php(208): Illuminate\\Http\\Middleware\\ValidatePostSize->handle(Object(Illuminate\\Http\\Request), Object(Closure))
#34 /Users/alimadhoun/Desktop/GraduationProject/backend/vendor/laravel/framework/src/Illuminate/Foundation/Http/Middleware/PreventRequestsDuringMaintenance.php(109): Illuminate\\Pipeline\\Pipeline->{closure:{closure:Illuminate\\Pipeline\\Pipeline::carry():183}:184}(Object(Illuminate\\Http\\Request))
#35 /Users/alimadhoun/Desktop/GraduationProject/backend/vendor/laravel/framework/src/Illuminate/Pipeline/Pipeline.php(208): Illuminate\\Foundation\\Http\\Middleware\\PreventRequestsDuringMaintenance->handle(Object(Illuminate\\Http\\Request), Object(Closure))
#36 /Users/alimadhoun/Desktop/GraduationProject/backend/vendor/laravel/framework/src/Illuminate/Http/Middleware/HandleCors.php(48): Illuminate\\Pipeline\\Pipeline->{closure:{closure:Illuminate\\Pipeline\\Pipeline::carry():183}:184}(Object(Illuminate\\Http\\Request))
#37 /Users/alimadhoun/Desktop/GraduationProject/backend/vendor/laravel/framework/src/Illuminate/Pipeline/Pipeline.php(208): Illuminate\\Http\\Middleware\\HandleCors->handle(Object(Illuminate\\Http\\Request), Object(Closure))
#38 /Users/alimadhoun/Desktop/GraduationProject/backend/vendor/laravel/framework/src/Illuminate/Http/Middleware/TrustProxies.php(58): Illuminate\\Pipeline\\Pipeline->{closure:{closure:Illuminate\\Pipeline\\Pipeline::carry():183}:184}(Object(Illuminate\\Http\\Request))
#39 /Users/alimadhoun/Desktop/GraduationProject/backend/vendor/laravel/framework/src/Illuminate/Pipeline/Pipeline.php(208): Illuminate\\Http\\Middleware\\TrustProxies->handle(Object(Illuminate\\Http\\Request), Object(Closure))
#40 /Users/alimadhoun/Desktop/GraduationProject/backend/vendor/laravel/framework/src/Illuminate/Foundation/Http/Middleware/InvokeDeferredCallbacks.php(22): Illuminate\\Pipeline\\Pipeline->{closure:{closure:Illuminate\\Pipeline\\Pipeline::carry():183}:184}(Object(Illuminate\\Http\\Request))
#41 /Users/alimadhoun/Desktop/GraduationProject/backend/vendor/laravel/framework/src/Illuminate/Pipeline/Pipeline.php(208): Illuminate\\Foundation\\Http\\Middleware\\InvokeDeferredCallbacks->handle(Object(Illuminate\\Http\\Request), Object(Closure))
#42 /Users/alimadhoun/Desktop/GraduationProject/backend/vendor/laravel/framework/src/Illuminate/Http/Middleware/ValidatePathEncoding.php(26): Illuminate\\Pipeline\\Pipeline->{closure:{closure:Illuminate\\Pipeline\\Pipeline::carry():183}:184}(Object(Illuminate\\Http\\Request))
#43 /Users/alimadhoun/Desktop/GraduationProject/backend/vendor/laravel/framework/src/Illuminate/Pipeline/Pipeline.php(208): Illuminate\\Http\\Middleware\\ValidatePathEncoding->handle(Object(Illuminate\\Http\\Request), Object(Closure))
#44 /Users/alimadhoun/Desktop/GraduationProject/backend/vendor/laravel/framework/src/Illuminate/Pipeline/Pipeline.php(126): Illuminate\\Pipeline\\Pipeline->{closure:{closure:Illuminate\\Pipeline\\Pipeline::carry():183}:184}(Object(Illuminate\\Http\\Request))
#45 /Users/alimadhoun/Desktop/GraduationProject/backend/vendor/laravel/framework/src/Illuminate/Foundation/Http/Kernel.php(175): Illuminate\\Pipeline\\Pipeline->then(Object(Closure))
#46 /Users/alimadhoun/Desktop/GraduationProject/backend/vendor/laravel/framework/src/Illuminate/Foundation/Http/Kernel.php(144): Illuminate\\Foundation\\Http\\Kernel->sendRequestThroughRouter(Object(Illuminate\\Http\\Request))
#47 /Users/alimadhoun/Desktop/GraduationProject/backend/vendor/laravel/framework/src/Illuminate/Foundation/Application.php(1219): Illuminate\\Foundation\\Http\\Kernel->handle(Object(Illuminate\\Http\\Request))
#48 /Users/alimadhoun/Desktop/GraduationProject/backend/public/index.php(20): Illuminate\\Foundation\\Application->handleRequest(Object(Illuminate\\Http\\Request))
#49 /Users/alimadhoun/Desktop/GraduationProject/backend/vendor/laravel/framework/src/Illuminate/Foundation/resources/server.php(23): require_once('/Users/alimadho...')
#50 {main}
"} 
[2025-05-03 10:23:17] local.ERROR: Please provide a valid cache path. {"exception":"[object] (InvalidArgumentException(code: 0): Please provide a valid cache path. at /Users/alimadhoun/Desktop/GraduationProject/backend/vendor/laravel/framework/src/Illuminate/View/Compilers/Compiler.php:66)
[stacktrace]
#0 /Users/alimadhoun/Desktop/GraduationProject/backend/vendor/laravel/framework/src/Illuminate/View/ViewServiceProvider.php(97): Illuminate\\View\\Compilers\\Compiler->__construct(Object(Illuminate\\Filesystem\\Filesystem), false, '', true, 'php')
#1 /Users/alimadhoun/Desktop/GraduationProject/backend/vendor/laravel/framework/src/Illuminate/Container/Container.php(1010): Illuminate\\View\\ViewServiceProvider->{closure:Illuminate\\View\\ViewServiceProvider::registerBladeCompiler():96}(Object(Illuminate\\Foundation\\Application), Array)
#2 /Users/alimadhoun/Desktop/GraduationProject/backend/vendor/laravel/framework/src/Illuminate/Container/Container.php(890): Illuminate\\Container\\Container->build(Object(Closure))
#3 /Users/alimadhoun/Desktop/GraduationProject/backend/vendor/laravel/framework/src/Illuminate/Foundation/Application.php(1077): Illuminate\\Container\\Container->resolve('blade.compiler', Array, true)
#4 /Users/alimadhoun/Desktop/GraduationProject/backend/vendor/laravel/framework/src/Illuminate/Container/Container.php(821): Illuminate\\Foundation\\Application->resolve('blade.compiler', Array)
#5 /Users/alimadhoun/Desktop/GraduationProject/backend/vendor/laravel/framework/src/Illuminate/Foundation/Application.php(1057): Illuminate\\Container\\Container->make('blade.compiler', Array)
#6 /Users/alimadhoun/Desktop/GraduationProject/backend/vendor/laravel/framework/src/Illuminate/View/ViewServiceProvider.php(168): Illuminate\\Foundation\\Application->make('blade.compiler')
#7 [internal function]: Illuminate\\View\\ViewServiceProvider->{closure:Illuminate\\View\\ViewServiceProvider::registerBladeEngine():164}()
#8 /Users/alimadhoun/Desktop/GraduationProject/backend/vendor/laravel/framework/src/Illuminate/View/Engines/EngineResolver.php(55): call_user_func(Object(Closure))
#9 /Users/alimadhoun/Desktop/GraduationProject/backend/vendor/laravel/framework/src/Illuminate/View/Factory.php(325): Illuminate\\View\\Engines\\EngineResolver->resolve('blade')
#10 /Users/alimadhoun/Desktop/GraduationProject/backend/vendor/laravel/framework/src/Illuminate/View/Factory.php(287): Illuminate\\View\\Factory->getEngineFromPath('/Users/alimadho...')
#11 /Users/alimadhoun/Desktop/GraduationProject/backend/vendor/laravel/framework/src/Illuminate/View/Factory.php(159): Illuminate\\View\\Factory->viewInstance('errors::403', '/Users/alimadho...', Array)
#12 /Users/alimadhoun/Desktop/GraduationProject/backend/vendor/laravel/framework/src/Illuminate/Routing/ResponseFactory.php(90): Illuminate\\View\\Factory->make('errors::403', Array)
#13 /Users/alimadhoun/Desktop/GraduationProject/backend/vendor/laravel/framework/src/Illuminate/Foundation/Exceptions/Handler.php(897): Illuminate\\Routing\\ResponseFactory->view('errors::403', Array, 403, Array)
#14 /Users/alimadhoun/Desktop/GraduationProject/backend/vendor/laravel/framework/src/Illuminate/Foundation/Exceptions/Handler.php(818): Illuminate\\Foundation\\Exceptions\\Handler->renderHttpException(Object(Symfony\\Component\\HttpKernel\\Exception\\HttpException))
#15 /Users/alimadhoun/Desktop/GraduationProject/backend/vendor/laravel/framework/src/Illuminate/Foundation/Exceptions/Handler.php(709): Illuminate\\Foundation\\Exceptions\\Handler->prepareResponse(Object(Illuminate\\Http\\Request), Object(Symfony\\Component\\HttpKernel\\Exception\\HttpException))
#16 /Users/alimadhoun/Desktop/GraduationProject/backend/vendor/laravel/framework/src/Illuminate/Foundation/Exceptions/Handler.php(597): Illuminate\\Foundation\\Exceptions\\Handler->renderExceptionResponse(Object(Illuminate\\Http\\Request), Object(Symfony\\Component\\HttpKernel\\Exception\\HttpException))
#17 /Users/alimadhoun/Desktop/GraduationProject/backend/vendor/laravel/framework/src/Illuminate/Routing/Pipeline.php(51): Illuminate\\Foundation\\Exceptions\\Handler->render(Object(Illuminate\\Http\\Request), Object(Symfony\\Component\\HttpKernel\\Exception\\HttpException))
#18 /Users/alimadhoun/Desktop/GraduationProject/backend/vendor/laravel/framework/src/Illuminate/Pipeline/Pipeline.php(171): Illuminate\\Routing\\Pipeline->handleException(Object(Illuminate\\Http\\Request), Object(Symfony\\Component\\HttpKernel\\Exception\\HttpException))
#19 /Users/alimadhoun/Desktop/GraduationProject/backend/vendor/laravel/framework/src/Illuminate/Pipeline/Pipeline.php(126): Illuminate\\Pipeline\\Pipeline->{closure:Illuminate\\Pipeline\\Pipeline::prepareDestination():167}(Object(Illuminate\\Http\\Request))
#20 /Users/alimadhoun/Desktop/GraduationProject/backend/vendor/laravel/framework/src/Illuminate/Routing/Router.php(807): Illuminate\\Pipeline\\Pipeline->then(Object(Closure))
#21 /Users/alimadhoun/Desktop/GraduationProject/backend/vendor/laravel/framework/src/Illuminate/Routing/Router.php(786): Illuminate\\Routing\\Router->runRouteWithinStack(Object(Illuminate\\Routing\\Route), Object(Illuminate\\Http\\Request))
#22 /Users/alimadhoun/Desktop/GraduationProject/backend/vendor/laravel/framework/src/Illuminate/Routing/Router.php(750): Illuminate\\Routing\\Router->runRoute(Object(Illuminate\\Http\\Request), Object(Illuminate\\Routing\\Route))
#23 /Users/alimadhoun/Desktop/GraduationProject/backend/vendor/laravel/framework/src/Illuminate/Routing/Router.php(739): Illuminate\\Routing\\Router->dispatchToRoute(Object(Illuminate\\Http\\Request))
#24 /Users/alimadhoun/Desktop/GraduationProject/backend/vendor/laravel/framework/src/Illuminate/Foundation/Http/Kernel.php(200): Illuminate\\Routing\\Router->dispatch(Object(Illuminate\\Http\\Request))
#25 /Users/alimadhoun/Desktop/GraduationProject/backend/vendor/laravel/framework/src/Illuminate/Pipeline/Pipeline.php(169): Illuminate\\Foundation\\Http\\Kernel->{closure:Illuminate\\Foundation\\Http\\Kernel::dispatchToRouter():197}(Object(Illuminate\\Http\\Request))
#26 /Users/alimadhoun/Desktop/GraduationProject/backend/vendor/laravel/framework/src/Illuminate/Foundation/Http/Middleware/TransformsRequest.php(21): Illuminate\\Pipeline\\Pipeline->{closure:Illuminate\\Pipeline\\Pipeline::prepareDestination():167}(Object(Illuminate\\Http\\Request))
#27 /Users/alimadhoun/Desktop/GraduationProject/backend/vendor/laravel/framework/src/Illuminate/Foundation/Http/Middleware/ConvertEmptyStringsToNull.php(31): Illuminate\\Foundation\\Http\\Middleware\\TransformsRequest->handle(Object(Illuminate\\Http\\Request), Object(Closure))
#28 /Users/alimadhoun/Desktop/GraduationProject/backend/vendor/laravel/framework/src/Illuminate/Pipeline/Pipeline.php(208): Illuminate\\Foundation\\Http\\Middleware\\ConvertEmptyStringsToNull->handle(Object(Illuminate\\Http\\Request), Object(Closure))
#29 /Users/alimadhoun/Desktop/GraduationProject/backend/vendor/laravel/framework/src/Illuminate/Foundation/Http/Middleware/TransformsRequest.php(21): Illuminate\\Pipeline\\Pipeline->{closure:{closure:Illuminate\\Pipeline\\Pipeline::carry():183}:184}(Object(Illuminate\\Http\\Request))
#30 /Users/alimadhoun/Desktop/GraduationProject/backend/vendor/laravel/framework/src/Illuminate/Foundation/Http/Middleware/TrimStrings.php(51): Illuminate\\Foundation\\Http\\Middleware\\TransformsRequest->handle(Object(Illuminate\\Http\\Request), Object(Closure))
#31 /Users/alimadhoun/Desktop/GraduationProject/backend/vendor/laravel/framework/src/Illuminate/Pipeline/Pipeline.php(208): Illuminate\\Foundation\\Http\\Middleware\\TrimStrings->handle(Object(Illuminate\\Http\\Request), Object(Closure))
#32 /Users/alimadhoun/Desktop/GraduationProject/backend/vendor/laravel/framework/src/Illuminate/Http/Middleware/ValidatePostSize.php(27): Illuminate\\Pipeline\\Pipeline->{closure:{closure:Illuminate\\Pipeline\\Pipeline::carry():183}:184}(Object(Illuminate\\Http\\Request))
#33 /Users/alimadhoun/Desktop/GraduationProject/backend/vendor/laravel/framework/src/Illuminate/Pipeline/Pipeline.php(208): Illuminate\\Http\\Middleware\\ValidatePostSize->handle(Object(Illuminate\\Http\\Request), Object(Closure))
#34 /Users/alimadhoun/Desktop/GraduationProject/backend/vendor/laravel/framework/src/Illuminate/Foundation/Http/Middleware/PreventRequestsDuringMaintenance.php(109): Illuminate\\Pipeline\\Pipeline->{closure:{closure:Illuminate\\Pipeline\\Pipeline::carry():183}:184}(Object(Illuminate\\Http\\Request))
#35 /Users/alimadhoun/Desktop/GraduationProject/backend/vendor/laravel/framework/src/Illuminate/Pipeline/Pipeline.php(208): Illuminate\\Foundation\\Http\\Middleware\\PreventRequestsDuringMaintenance->handle(Object(Illuminate\\Http\\Request), Object(Closure))
#36 /Users/alimadhoun/Desktop/GraduationProject/backend/vendor/laravel/framework/src/Illuminate/Http/Middleware/HandleCors.php(48): Illuminate\\Pipeline\\Pipeline->{closure:{closure:Illuminate\\Pipeline\\Pipeline::carry():183}:184}(Object(Illuminate\\Http\\Request))
#37 /Users/alimadhoun/Desktop/GraduationProject/backend/vendor/laravel/framework/src/Illuminate/Pipeline/Pipeline.php(208): Illuminate\\Http\\Middleware\\HandleCors->handle(Object(Illuminate\\Http\\Request), Object(Closure))
#38 /Users/alimadhoun/Desktop/GraduationProject/backend/vendor/laravel/framework/src/Illuminate/Http/Middleware/TrustProxies.php(58): Illuminate\\Pipeline\\Pipeline->{closure:{closure:Illuminate\\Pipeline\\Pipeline::carry():183}:184}(Object(Illuminate\\Http\\Request))
#39 /Users/alimadhoun/Desktop/GraduationProject/backend/vendor/laravel/framework/src/Illuminate/Pipeline/Pipeline.php(208): Illuminate\\Http\\Middleware\\TrustProxies->handle(Object(Illuminate\\Http\\Request), Object(Closure))
#40 /Users/alimadhoun/Desktop/GraduationProject/backend/vendor/laravel/framework/src/Illuminate/Foundation/Http/Middleware/InvokeDeferredCallbacks.php(22): Illuminate\\Pipeline\\Pipeline->{closure:{closure:Illuminate\\Pipeline\\Pipeline::carry():183}:184}(Object(Illuminate\\Http\\Request))
#41 /Users/alimadhoun/Desktop/GraduationProject/backend/vendor/laravel/framework/src/Illuminate/Pipeline/Pipeline.php(208): Illuminate\\Foundation\\Http\\Middleware\\InvokeDeferredCallbacks->handle(Object(Illuminate\\Http\\Request), Object(Closure))
#42 /Users/alimadhoun/Desktop/GraduationProject/backend/vendor/laravel/framework/src/Illuminate/Http/Middleware/ValidatePathEncoding.php(26): Illuminate\\Pipeline\\Pipeline->{closure:{closure:Illuminate\\Pipeline\\Pipeline::carry():183}:184}(Object(Illuminate\\Http\\Request))
#43 /Users/alimadhoun/Desktop/GraduationProject/backend/vendor/laravel/framework/src/Illuminate/Pipeline/Pipeline.php(208): Illuminate\\Http\\Middleware\\ValidatePathEncoding->handle(Object(Illuminate\\Http\\Request), Object(Closure))
#44 /Users/alimadhoun/Desktop/GraduationProject/backend/vendor/laravel/framework/src/Illuminate/Pipeline/Pipeline.php(126): Illuminate\\Pipeline\\Pipeline->{closure:{closure:Illuminate\\Pipeline\\Pipeline::carry():183}:184}(Object(Illuminate\\Http\\Request))
#45 /Users/alimadhoun/Desktop/GraduationProject/backend/vendor/laravel/framework/src/Illuminate/Foundation/Http/Kernel.php(175): Illuminate\\Pipeline\\Pipeline->then(Object(Closure))
#46 /Users/alimadhoun/Desktop/GraduationProject/backend/vendor/laravel/framework/src/Illuminate/Foundation/Http/Kernel.php(144): Illuminate\\Foundation\\Http\\Kernel->sendRequestThroughRouter(Object(Illuminate\\Http\\Request))
#47 /Users/alimadhoun/Desktop/GraduationProject/backend/vendor/laravel/framework/src/Illuminate/Foundation/Application.php(1219): Illuminate\\Foundation\\Http\\Kernel->handle(Object(Illuminate\\Http\\Request))
#48 /Users/alimadhoun/Desktop/GraduationProject/backend/public/index.php(20): Illuminate\\Foundation\\Application->handleRequest(Object(Illuminate\\Http\\Request))
#49 /Users/alimadhoun/Desktop/GraduationProject/backend/vendor/laravel/framework/src/Illuminate/Foundation/resources/server.php(23): require_once('/Users/alimadho...')
#50 {main}
"} 
[2025-05-03 10:23:17] local.ERROR: Please provide a valid cache path. {"exception":"[object] (InvalidArgumentException(code: 0): Please provide a valid cache path. at /Users/alimadhoun/Desktop/GraduationProject/backend/vendor/laravel/framework/src/Illuminate/View/Compilers/Compiler.php:66)
[stacktrace]
#0 /Users/alimadhoun/Desktop/GraduationProject/backend/vendor/laravel/framework/src/Illuminate/View/ViewServiceProvider.php(97): Illuminate\\View\\Compilers\\Compiler->__construct(Object(Illuminate\\Filesystem\\Filesystem), false, '', true, 'php')
#1 /Users/alimadhoun/Desktop/GraduationProject/backend/vendor/laravel/framework/src/Illuminate/Container/Container.php(1010): Illuminate\\View\\ViewServiceProvider->{closure:Illuminate\\View\\ViewServiceProvider::registerBladeCompiler():96}(Object(Illuminate\\Foundation\\Application), Array)
#2 /Users/alimadhoun/Desktop/GraduationProject/backend/vendor/laravel/framework/src/Illuminate/Container/Container.php(890): Illuminate\\Container\\Container->build(Object(Closure))
#3 /Users/alimadhoun/Desktop/GraduationProject/backend/vendor/laravel/framework/src/Illuminate/Foundation/Application.php(1077): Illuminate\\Container\\Container->resolve('blade.compiler', Array, true)
#4 /Users/alimadhoun/Desktop/GraduationProject/backend/vendor/laravel/framework/src/Illuminate/Container/Container.php(821): Illuminate\\Foundation\\Application->resolve('blade.compiler', Array)
#5 /Users/alimadhoun/Desktop/GraduationProject/backend/vendor/laravel/framework/src/Illuminate/Foundation/Application.php(1057): Illuminate\\Container\\Container->make('blade.compiler', Array)
#6 /Users/alimadhoun/Desktop/GraduationProject/backend/vendor/laravel/framework/src/Illuminate/View/ViewServiceProvider.php(168): Illuminate\\Foundation\\Application->make('blade.compiler')
#7 [internal function]: Illuminate\\View\\ViewServiceProvider->{closure:Illuminate\\View\\ViewServiceProvider::registerBladeEngine():164}()
#8 /Users/alimadhoun/Desktop/GraduationProject/backend/vendor/laravel/framework/src/Illuminate/View/Engines/EngineResolver.php(55): call_user_func(Object(Closure))
#9 /Users/alimadhoun/Desktop/GraduationProject/backend/vendor/laravel/framework/src/Illuminate/View/Factory.php(325): Illuminate\\View\\Engines\\EngineResolver->resolve('blade')
#10 /Users/alimadhoun/Desktop/GraduationProject/backend/vendor/laravel/framework/src/Illuminate/View/Factory.php(287): Illuminate\\View\\Factory->getEngineFromPath('/Users/alimadho...')
#11 /Users/alimadhoun/Desktop/GraduationProject/backend/vendor/laravel/framework/src/Illuminate/View/Factory.php(159): Illuminate\\View\\Factory->viewInstance('errors::403', '/Users/alimadho...', Array)
#12 /Users/alimadhoun/Desktop/GraduationProject/backend/vendor/laravel/framework/src/Illuminate/Routing/ResponseFactory.php(90): Illuminate\\View\\Factory->make('errors::403', Array)
#13 /Users/alimadhoun/Desktop/GraduationProject/backend/vendor/laravel/framework/src/Illuminate/Foundation/Exceptions/Handler.php(897): Illuminate\\Routing\\ResponseFactory->view('errors::403', Array, 403, Array)
#14 /Users/alimadhoun/Desktop/GraduationProject/backend/vendor/laravel/framework/src/Illuminate/Foundation/Exceptions/Handler.php(818): Illuminate\\Foundation\\Exceptions\\Handler->renderHttpException(Object(Symfony\\Component\\HttpKernel\\Exception\\HttpException))
#15 /Users/alimadhoun/Desktop/GraduationProject/backend/vendor/laravel/framework/src/Illuminate/Foundation/Exceptions/Handler.php(709): Illuminate\\Foundation\\Exceptions\\Handler->prepareResponse(Object(Illuminate\\Http\\Request), Object(Symfony\\Component\\HttpKernel\\Exception\\HttpException))
#16 /Users/alimadhoun/Desktop/GraduationProject/backend/vendor/laravel/framework/src/Illuminate/Foundation/Exceptions/Handler.php(597): Illuminate\\Foundation\\Exceptions\\Handler->renderExceptionResponse(Object(Illuminate\\Http\\Request), Object(Symfony\\Component\\HttpKernel\\Exception\\HttpException))
#17 /Users/alimadhoun/Desktop/GraduationProject/backend/vendor/laravel/framework/src/Illuminate/Routing/Pipeline.php(51): Illuminate\\Foundation\\Exceptions\\Handler->render(Object(Illuminate\\Http\\Request), Object(Symfony\\Component\\HttpKernel\\Exception\\HttpException))
#18 /Users/alimadhoun/Desktop/GraduationProject/backend/vendor/laravel/framework/src/Illuminate/Pipeline/Pipeline.php(171): Illuminate\\Routing\\Pipeline->handleException(Object(Illuminate\\Http\\Request), Object(Symfony\\Component\\HttpKernel\\Exception\\HttpException))
#19 /Users/alimadhoun/Desktop/GraduationProject/backend/vendor/laravel/framework/src/Illuminate/Pipeline/Pipeline.php(126): Illuminate\\Pipeline\\Pipeline->{closure:Illuminate\\Pipeline\\Pipeline::prepareDestination():167}(Object(Illuminate\\Http\\Request))
#20 /Users/alimadhoun/Desktop/GraduationProject/backend/vendor/laravel/framework/src/Illuminate/Routing/Router.php(807): Illuminate\\Pipeline\\Pipeline->then(Object(Closure))
#21 /Users/alimadhoun/Desktop/GraduationProject/backend/vendor/laravel/framework/src/Illuminate/Routing/Router.php(786): Illuminate\\Routing\\Router->runRouteWithinStack(Object(Illuminate\\Routing\\Route), Object(Illuminate\\Http\\Request))
#22 /Users/alimadhoun/Desktop/GraduationProject/backend/vendor/laravel/framework/src/Illuminate/Routing/Router.php(750): Illuminate\\Routing\\Router->runRoute(Object(Illuminate\\Http\\Request), Object(Illuminate\\Routing\\Route))
#23 /Users/alimadhoun/Desktop/GraduationProject/backend/vendor/laravel/framework/src/Illuminate/Routing/Router.php(739): Illuminate\\Routing\\Router->dispatchToRoute(Object(Illuminate\\Http\\Request))
#24 /Users/alimadhoun/Desktop/GraduationProject/backend/vendor/laravel/framework/src/Illuminate/Foundation/Http/Kernel.php(200): Illuminate\\Routing\\Router->dispatch(Object(Illuminate\\Http\\Request))
#25 /Users/alimadhoun/Desktop/GraduationProject/backend/vendor/laravel/framework/src/Illuminate/Pipeline/Pipeline.php(169): Illuminate\\Foundation\\Http\\Kernel->{closure:Illuminate\\Foundation\\Http\\Kernel::dispatchToRouter():197}(Object(Illuminate\\Http\\Request))
#26 /Users/alimadhoun/Desktop/GraduationProject/backend/vendor/laravel/framework/src/Illuminate/Foundation/Http/Middleware/TransformsRequest.php(21): Illuminate\\Pipeline\\Pipeline->{closure:Illuminate\\Pipeline\\Pipeline::prepareDestination():167}(Object(Illuminate\\Http\\Request))
#27 /Users/alimadhoun/Desktop/GraduationProject/backend/vendor/laravel/framework/src/Illuminate/Foundation/Http/Middleware/ConvertEmptyStringsToNull.php(31): Illuminate\\Foundation\\Http\\Middleware\\TransformsRequest->handle(Object(Illuminate\\Http\\Request), Object(Closure))
#28 /Users/alimadhoun/Desktop/GraduationProject/backend/vendor/laravel/framework/src/Illuminate/Pipeline/Pipeline.php(208): Illuminate\\Foundation\\Http\\Middleware\\ConvertEmptyStringsToNull->handle(Object(Illuminate\\Http\\Request), Object(Closure))
#29 /Users/alimadhoun/Desktop/GraduationProject/backend/vendor/laravel/framework/src/Illuminate/Foundation/Http/Middleware/TransformsRequest.php(21): Illuminate\\Pipeline\\Pipeline->{closure:{closure:Illuminate\\Pipeline\\Pipeline::carry():183}:184}(Object(Illuminate\\Http\\Request))
#30 /Users/alimadhoun/Desktop/GraduationProject/backend/vendor/laravel/framework/src/Illuminate/Foundation/Http/Middleware/TrimStrings.php(51): Illuminate\\Foundation\\Http\\Middleware\\TransformsRequest->handle(Object(Illuminate\\Http\\Request), Object(Closure))
#31 /Users/alimadhoun/Desktop/GraduationProject/backend/vendor/laravel/framework/src/Illuminate/Pipeline/Pipeline.php(208): Illuminate\\Foundation\\Http\\Middleware\\TrimStrings->handle(Object(Illuminate\\Http\\Request), Object(Closure))
#32 /Users/alimadhoun/Desktop/GraduationProject/backend/vendor/laravel/framework/src/Illuminate/Http/Middleware/ValidatePostSize.php(27): Illuminate\\Pipeline\\Pipeline->{closure:{closure:Illuminate\\Pipeline\\Pipeline::carry():183}:184}(Object(Illuminate\\Http\\Request))
#33 /Users/alimadhoun/Desktop/GraduationProject/backend/vendor/laravel/framework/src/Illuminate/Pipeline/Pipeline.php(208): Illuminate\\Http\\Middleware\\ValidatePostSize->handle(Object(Illuminate\\Http\\Request), Object(Closure))
#34 /Users/alimadhoun/Desktop/GraduationProject/backend/vendor/laravel/framework/src/Illuminate/Foundation/Http/Middleware/PreventRequestsDuringMaintenance.php(109): Illuminate\\Pipeline\\Pipeline->{closure:{closure:Illuminate\\Pipeline\\Pipeline::carry():183}:184}(Object(Illuminate\\Http\\Request))
#35 /Users/alimadhoun/Desktop/GraduationProject/backend/vendor/laravel/framework/src/Illuminate/Pipeline/Pipeline.php(208): Illuminate\\Foundation\\Http\\Middleware\\PreventRequestsDuringMaintenance->handle(Object(Illuminate\\Http\\Request), Object(Closure))
#36 /Users/alimadhoun/Desktop/GraduationProject/backend/vendor/laravel/framework/src/Illuminate/Http/Middleware/HandleCors.php(48): Illuminate\\Pipeline\\Pipeline->{closure:{closure:Illuminate\\Pipeline\\Pipeline::carry():183}:184}(Object(Illuminate\\Http\\Request))
#37 /Users/alimadhoun/Desktop/GraduationProject/backend/vendor/laravel/framework/src/Illuminate/Pipeline/Pipeline.php(208): Illuminate\\Http\\Middleware\\HandleCors->handle(Object(Illuminate\\Http\\Request), Object(Closure))
#38 /Users/alimadhoun/Desktop/GraduationProject/backend/vendor/laravel/framework/src/Illuminate/Http/Middleware/TrustProxies.php(58): Illuminate\\Pipeline\\Pipeline->{closure:{closure:Illuminate\\Pipeline\\Pipeline::carry():183}:184}(Object(Illuminate\\Http\\Request))
#39 /Users/alimadhoun/Desktop/GraduationProject/backend/vendor/laravel/framework/src/Illuminate/Pipeline/Pipeline.php(208): Illuminate\\Http\\Middleware\\TrustProxies->handle(Object(Illuminate\\Http\\Request), Object(Closure))
#40 /Users/alimadhoun/Desktop/GraduationProject/backend/vendor/laravel/framework/src/Illuminate/Foundation/Http/Middleware/InvokeDeferredCallbacks.php(22): Illuminate\\Pipeline\\Pipeline->{closure:{closure:Illuminate\\Pipeline\\Pipeline::carry():183}:184}(Object(Illuminate\\Http\\Request))
#41 /Users/alimadhoun/Desktop/GraduationProject/backend/vendor/laravel/framework/src/Illuminate/Pipeline/Pipeline.php(208): Illuminate\\Foundation\\Http\\Middleware\\InvokeDeferredCallbacks->handle(Object(Illuminate\\Http\\Request), Object(Closure))
#42 /Users/alimadhoun/Desktop/GraduationProject/backend/vendor/laravel/framework/src/Illuminate/Http/Middleware/ValidatePathEncoding.php(26): Illuminate\\Pipeline\\Pipeline->{closure:{closure:Illuminate\\Pipeline\\Pipeline::carry():183}:184}(Object(Illuminate\\Http\\Request))
#43 /Users/alimadhoun/Desktop/GraduationProject/backend/vendor/laravel/framework/src/Illuminate/Pipeline/Pipeline.php(208): Illuminate\\Http\\Middleware\\ValidatePathEncoding->handle(Object(Illuminate\\Http\\Request), Object(Closure))
#44 /Users/alimadhoun/Desktop/GraduationProject/backend/vendor/laravel/framework/src/Illuminate/Pipeline/Pipeline.php(126): Illuminate\\Pipeline\\Pipeline->{closure:{closure:Illuminate\\Pipeline\\Pipeline::carry():183}:184}(Object(Illuminate\\Http\\Request))
#45 /Users/alimadhoun/Desktop/GraduationProject/backend/vendor/laravel/framework/src/Illuminate/Foundation/Http/Kernel.php(175): Illuminate\\Pipeline\\Pipeline->then(Object(Closure))
#46 /Users/alimadhoun/Desktop/GraduationProject/backend/vendor/laravel/framework/src/Illuminate/Foundation/Http/Kernel.php(144): Illuminate\\Foundation\\Http\\Kernel->sendRequestThroughRouter(Object(Illuminate\\Http\\Request))
#47 /Users/alimadhoun/Desktop/GraduationProject/backend/vendor/laravel/framework/src/Illuminate/Foundation/Application.php(1219): Illuminate\\Foundation\\Http\\Kernel->handle(Object(Illuminate\\Http\\Request))
#48 /Users/alimadhoun/Desktop/GraduationProject/backend/public/index.php(20): Illuminate\\Foundation\\Application->handleRequest(Object(Illuminate\\Http\\Request))
#49 /Users/alimadhoun/Desktop/GraduationProject/backend/vendor/laravel/framework/src/Illuminate/Foundation/resources/server.php(23): require_once('/Users/alimadho...')
#50 {main}
"} 
[2025-05-03 10:23:21] local.ERROR: Please provide a valid cache path. {"exception":"[object] (InvalidArgumentException(code: 0): Please provide a valid cache path. at /Users/alimadhoun/Desktop/GraduationProject/backend/vendor/laravel/framework/src/Illuminate/View/Compilers/Compiler.php:66)
[stacktrace]
#0 /Users/alimadhoun/Desktop/GraduationProject/backend/vendor/laravel/framework/src/Illuminate/View/ViewServiceProvider.php(97): Illuminate\\View\\Compilers\\Compiler->__construct(Object(Illuminate\\Filesystem\\Filesystem), false, '', true, 'php')
#1 /Users/alimadhoun/Desktop/GraduationProject/backend/vendor/laravel/framework/src/Illuminate/Container/Container.php(1010): Illuminate\\View\\ViewServiceProvider->{closure:Illuminate\\View\\ViewServiceProvider::registerBladeCompiler():96}(Object(Illuminate\\Foundation\\Application), Array)
#2 /Users/alimadhoun/Desktop/GraduationProject/backend/vendor/laravel/framework/src/Illuminate/Container/Container.php(890): Illuminate\\Container\\Container->build(Object(Closure))
#3 /Users/alimadhoun/Desktop/GraduationProject/backend/vendor/laravel/framework/src/Illuminate/Foundation/Application.php(1077): Illuminate\\Container\\Container->resolve('blade.compiler', Array, true)
#4 /Users/alimadhoun/Desktop/GraduationProject/backend/vendor/laravel/framework/src/Illuminate/Container/Container.php(821): Illuminate\\Foundation\\Application->resolve('blade.compiler', Array)
#5 /Users/alimadhoun/Desktop/GraduationProject/backend/vendor/laravel/framework/src/Illuminate/Foundation/Application.php(1057): Illuminate\\Container\\Container->make('blade.compiler', Array)
#6 /Users/alimadhoun/Desktop/GraduationProject/backend/vendor/laravel/framework/src/Illuminate/View/ViewServiceProvider.php(168): Illuminate\\Foundation\\Application->make('blade.compiler')
#7 [internal function]: Illuminate\\View\\ViewServiceProvider->{closure:Illuminate\\View\\ViewServiceProvider::registerBladeEngine():164}()
#8 /Users/alimadhoun/Desktop/GraduationProject/backend/vendor/laravel/framework/src/Illuminate/View/Engines/EngineResolver.php(55): call_user_func(Object(Closure))
#9 /Users/alimadhoun/Desktop/GraduationProject/backend/vendor/laravel/framework/src/Illuminate/View/Factory.php(325): Illuminate\\View\\Engines\\EngineResolver->resolve('blade')
#10 /Users/alimadhoun/Desktop/GraduationProject/backend/vendor/laravel/framework/src/Illuminate/View/Factory.php(287): Illuminate\\View\\Factory->getEngineFromPath('/Users/alimadho...')
#11 /Users/alimadhoun/Desktop/GraduationProject/backend/vendor/laravel/framework/src/Illuminate/View/Factory.php(159): Illuminate\\View\\Factory->viewInstance('errors::403', '/Users/alimadho...', Array)
#12 /Users/alimadhoun/Desktop/GraduationProject/backend/vendor/laravel/framework/src/Illuminate/Routing/ResponseFactory.php(90): Illuminate\\View\\Factory->make('errors::403', Array)
#13 /Users/alimadhoun/Desktop/GraduationProject/backend/vendor/laravel/framework/src/Illuminate/Foundation/Exceptions/Handler.php(897): Illuminate\\Routing\\ResponseFactory->view('errors::403', Array, 403, Array)
#14 /Users/alimadhoun/Desktop/GraduationProject/backend/vendor/laravel/framework/src/Illuminate/Foundation/Exceptions/Handler.php(818): Illuminate\\Foundation\\Exceptions\\Handler->renderHttpException(Object(Symfony\\Component\\HttpKernel\\Exception\\HttpException))
#15 /Users/alimadhoun/Desktop/GraduationProject/backend/vendor/laravel/framework/src/Illuminate/Foundation/Exceptions/Handler.php(709): Illuminate\\Foundation\\Exceptions\\Handler->prepareResponse(Object(Illuminate\\Http\\Request), Object(Symfony\\Component\\HttpKernel\\Exception\\HttpException))
#16 /Users/alimadhoun/Desktop/GraduationProject/backend/vendor/laravel/framework/src/Illuminate/Foundation/Exceptions/Handler.php(597): Illuminate\\Foundation\\Exceptions\\Handler->renderExceptionResponse(Object(Illuminate\\Http\\Request), Object(Symfony\\Component\\HttpKernel\\Exception\\HttpException))
#17 /Users/alimadhoun/Desktop/GraduationProject/backend/vendor/laravel/framework/src/Illuminate/Routing/Pipeline.php(51): Illuminate\\Foundation\\Exceptions\\Handler->render(Object(Illuminate\\Http\\Request), Object(Symfony\\Component\\HttpKernel\\Exception\\HttpException))
#18 /Users/alimadhoun/Desktop/GraduationProject/backend/vendor/laravel/framework/src/Illuminate/Pipeline/Pipeline.php(171): Illuminate\\Routing\\Pipeline->handleException(Object(Illuminate\\Http\\Request), Object(Symfony\\Component\\HttpKernel\\Exception\\HttpException))
#19 /Users/alimadhoun/Desktop/GraduationProject/backend/vendor/laravel/framework/src/Illuminate/Pipeline/Pipeline.php(126): Illuminate\\Pipeline\\Pipeline->{closure:Illuminate\\Pipeline\\Pipeline::prepareDestination():167}(Object(Illuminate\\Http\\Request))
#20 /Users/alimadhoun/Desktop/GraduationProject/backend/vendor/laravel/framework/src/Illuminate/Routing/Router.php(807): Illuminate\\Pipeline\\Pipeline->then(Object(Closure))
#21 /Users/alimadhoun/Desktop/GraduationProject/backend/vendor/laravel/framework/src/Illuminate/Routing/Router.php(786): Illuminate\\Routing\\Router->runRouteWithinStack(Object(Illuminate\\Routing\\Route), Object(Illuminate\\Http\\Request))
#22 /Users/alimadhoun/Desktop/GraduationProject/backend/vendor/laravel/framework/src/Illuminate/Routing/Router.php(750): Illuminate\\Routing\\Router->runRoute(Object(Illuminate\\Http\\Request), Object(Illuminate\\Routing\\Route))
#23 /Users/alimadhoun/Desktop/GraduationProject/backend/vendor/laravel/framework/src/Illuminate/Routing/Router.php(739): Illuminate\\Routing\\Router->dispatchToRoute(Object(Illuminate\\Http\\Request))
#24 /Users/alimadhoun/Desktop/GraduationProject/backend/vendor/laravel/framework/src/Illuminate/Foundation/Http/Kernel.php(200): Illuminate\\Routing\\Router->dispatch(Object(Illuminate\\Http\\Request))
#25 /Users/alimadhoun/Desktop/GraduationProject/backend/vendor/laravel/framework/src/Illuminate/Pipeline/Pipeline.php(169): Illuminate\\Foundation\\Http\\Kernel->{closure:Illuminate\\Foundation\\Http\\Kernel::dispatchToRouter():197}(Object(Illuminate\\Http\\Request))
#26 /Users/alimadhoun/Desktop/GraduationProject/backend/vendor/laravel/framework/src/Illuminate/Foundation/Http/Middleware/TransformsRequest.php(21): Illuminate\\Pipeline\\Pipeline->{closure:Illuminate\\Pipeline\\Pipeline::prepareDestination():167}(Object(Illuminate\\Http\\Request))
#27 /Users/alimadhoun/Desktop/GraduationProject/backend/vendor/laravel/framework/src/Illuminate/Foundation/Http/Middleware/ConvertEmptyStringsToNull.php(31): Illuminate\\Foundation\\Http\\Middleware\\TransformsRequest->handle(Object(Illuminate\\Http\\Request), Object(Closure))
#28 /Users/alimadhoun/Desktop/GraduationProject/backend/vendor/laravel/framework/src/Illuminate/Pipeline/Pipeline.php(208): Illuminate\\Foundation\\Http\\Middleware\\ConvertEmptyStringsToNull->handle(Object(Illuminate\\Http\\Request), Object(Closure))
#29 /Users/alimadhoun/Desktop/GraduationProject/backend/vendor/laravel/framework/src/Illuminate/Foundation/Http/Middleware/TransformsRequest.php(21): Illuminate\\Pipeline\\Pipeline->{closure:{closure:Illuminate\\Pipeline\\Pipeline::carry():183}:184}(Object(Illuminate\\Http\\Request))
#30 /Users/alimadhoun/Desktop/GraduationProject/backend/vendor/laravel/framework/src/Illuminate/Foundation/Http/Middleware/TrimStrings.php(51): Illuminate\\Foundation\\Http\\Middleware\\TransformsRequest->handle(Object(Illuminate\\Http\\Request), Object(Closure))
#31 /Users/alimadhoun/Desktop/GraduationProject/backend/vendor/laravel/framework/src/Illuminate/Pipeline/Pipeline.php(208): Illuminate\\Foundation\\Http\\Middleware\\TrimStrings->handle(Object(Illuminate\\Http\\Request), Object(Closure))
#32 /Users/alimadhoun/Desktop/GraduationProject/backend/vendor/laravel/framework/src/Illuminate/Http/Middleware/ValidatePostSize.php(27): Illuminate\\Pipeline\\Pipeline->{closure:{closure:Illuminate\\Pipeline\\Pipeline::carry():183}:184}(Object(Illuminate\\Http\\Request))
#33 /Users/alimadhoun/Desktop/GraduationProject/backend/vendor/laravel/framework/src/Illuminate/Pipeline/Pipeline.php(208): Illuminate\\Http\\Middleware\\ValidatePostSize->handle(Object(Illuminate\\Http\\Request), Object(Closure))
#34 /Users/alimadhoun/Desktop/GraduationProject/backend/vendor/laravel/framework/src/Illuminate/Foundation/Http/Middleware/PreventRequestsDuringMaintenance.php(109): Illuminate\\Pipeline\\Pipeline->{closure:{closure:Illuminate\\Pipeline\\Pipeline::carry():183}:184}(Object(Illuminate\\Http\\Request))
#35 /Users/alimadhoun/Desktop/GraduationProject/backend/vendor/laravel/framework/src/Illuminate/Pipeline/Pipeline.php(208): Illuminate\\Foundation\\Http\\Middleware\\PreventRequestsDuringMaintenance->handle(Object(Illuminate\\Http\\Request), Object(Closure))
#36 /Users/alimadhoun/Desktop/GraduationProject/backend/vendor/laravel/framework/src/Illuminate/Http/Middleware/HandleCors.php(48): Illuminate\\Pipeline\\Pipeline->{closure:{closure:Illuminate\\Pipeline\\Pipeline::carry():183}:184}(Object(Illuminate\\Http\\Request))
#37 /Users/alimadhoun/Desktop/GraduationProject/backend/vendor/laravel/framework/src/Illuminate/Pipeline/Pipeline.php(208): Illuminate\\Http\\Middleware\\HandleCors->handle(Object(Illuminate\\Http\\Request), Object(Closure))
#38 /Users/alimadhoun/Desktop/GraduationProject/backend/vendor/laravel/framework/src/Illuminate/Http/Middleware/TrustProxies.php(58): Illuminate\\Pipeline\\Pipeline->{closure:{closure:Illuminate\\Pipeline\\Pipeline::carry():183}:184}(Object(Illuminate\\Http\\Request))
#39 /Users/alimadhoun/Desktop/GraduationProject/backend/vendor/laravel/framework/src/Illuminate/Pipeline/Pipeline.php(208): Illuminate\\Http\\Middleware\\TrustProxies->handle(Object(Illuminate\\Http\\Request), Object(Closure))
#40 /Users/alimadhoun/Desktop/GraduationProject/backend/vendor/laravel/framework/src/Illuminate/Foundation/Http/Middleware/InvokeDeferredCallbacks.php(22): Illuminate\\Pipeline\\Pipeline->{closure:{closure:Illuminate\\Pipeline\\Pipeline::carry():183}:184}(Object(Illuminate\\Http\\Request))
#41 /Users/alimadhoun/Desktop/GraduationProject/backend/vendor/laravel/framework/src/Illuminate/Pipeline/Pipeline.php(208): Illuminate\\Foundation\\Http\\Middleware\\InvokeDeferredCallbacks->handle(Object(Illuminate\\Http\\Request), Object(Closure))
#42 /Users/alimadhoun/Desktop/GraduationProject/backend/vendor/laravel/framework/src/Illuminate/Http/Middleware/ValidatePathEncoding.php(26): Illuminate\\Pipeline\\Pipeline->{closure:{closure:Illuminate\\Pipeline\\Pipeline::carry():183}:184}(Object(Illuminate\\Http\\Request))
#43 /Users/alimadhoun/Desktop/GraduationProject/backend/vendor/laravel/framework/src/Illuminate/Pipeline/Pipeline.php(208): Illuminate\\Http\\Middleware\\ValidatePathEncoding->handle(Object(Illuminate\\Http\\Request), Object(Closure))
#44 /Users/alimadhoun/Desktop/GraduationProject/backend/vendor/laravel/framework/src/Illuminate/Pipeline/Pipeline.php(126): Illuminate\\Pipeline\\Pipeline->{closure:{closure:Illuminate\\Pipeline\\Pipeline::carry():183}:184}(Object(Illuminate\\Http\\Request))
#45 /Users/alimadhoun/Desktop/GraduationProject/backend/vendor/laravel/framework/src/Illuminate/Foundation/Http/Kernel.php(175): Illuminate\\Pipeline\\Pipeline->then(Object(Closure))
#46 /Users/alimadhoun/Desktop/GraduationProject/backend/vendor/laravel/framework/src/Illuminate/Foundation/Http/Kernel.php(144): Illuminate\\Foundation\\Http\\Kernel->sendRequestThroughRouter(Object(Illuminate\\Http\\Request))
#47 /Users/alimadhoun/Desktop/GraduationProject/backend/vendor/laravel/framework/src/Illuminate/Foundation/Application.php(1219): Illuminate\\Foundation\\Http\\Kernel->handle(Object(Illuminate\\Http\\Request))
#48 /Users/alimadhoun/Desktop/GraduationProject/backend/public/index.php(20): Illuminate\\Foundation\\Application->handleRequest(Object(Illuminate\\Http\\Request))
#49 /Users/alimadhoun/Desktop/GraduationProject/backend/vendor/laravel/framework/src/Illuminate/Foundation/resources/server.php(23): require_once('/Users/alimadho...')
#50 {main}
"} 
[2025-05-03 10:23:21] local.ERROR: Please provide a valid cache path. {"exception":"[object] (InvalidArgumentException(code: 0): Please provide a valid cache path. at /Users/alimadhoun/Desktop/GraduationProject/backend/vendor/laravel/framework/src/Illuminate/View/Compilers/Compiler.php:66)
[stacktrace]
#0 /Users/alimadhoun/Desktop/GraduationProject/backend/vendor/laravel/framework/src/Illuminate/View/ViewServiceProvider.php(97): Illuminate\\View\\Compilers\\Compiler->__construct(Object(Illuminate\\Filesystem\\Filesystem), false, '', true, 'php')
#1 /Users/alimadhoun/Desktop/GraduationProject/backend/vendor/laravel/framework/src/Illuminate/Container/Container.php(1010): Illuminate\\View\\ViewServiceProvider->{closure:Illuminate\\View\\ViewServiceProvider::registerBladeCompiler():96}(Object(Illuminate\\Foundation\\Application), Array)
#2 /Users/alimadhoun/Desktop/GraduationProject/backend/vendor/laravel/framework/src/Illuminate/Container/Container.php(890): Illuminate\\Container\\Container->build(Object(Closure))
#3 /Users/alimadhoun/Desktop/GraduationProject/backend/vendor/laravel/framework/src/Illuminate/Foundation/Application.php(1077): Illuminate\\Container\\Container->resolve('blade.compiler', Array, true)
#4 /Users/alimadhoun/Desktop/GraduationProject/backend/vendor/laravel/framework/src/Illuminate/Container/Container.php(821): Illuminate\\Foundation\\Application->resolve('blade.compiler', Array)
#5 /Users/alimadhoun/Desktop/GraduationProject/backend/vendor/laravel/framework/src/Illuminate/Foundation/Application.php(1057): Illuminate\\Container\\Container->make('blade.compiler', Array)
#6 /Users/alimadhoun/Desktop/GraduationProject/backend/vendor/laravel/framework/src/Illuminate/View/ViewServiceProvider.php(168): Illuminate\\Foundation\\Application->make('blade.compiler')
#7 [internal function]: Illuminate\\View\\ViewServiceProvider->{closure:Illuminate\\View\\ViewServiceProvider::registerBladeEngine():164}()
#8 /Users/alimadhoun/Desktop/GraduationProject/backend/vendor/laravel/framework/src/Illuminate/View/Engines/EngineResolver.php(55): call_user_func(Object(Closure))
#9 /Users/alimadhoun/Desktop/GraduationProject/backend/vendor/laravel/framework/src/Illuminate/View/Factory.php(325): Illuminate\\View\\Engines\\EngineResolver->resolve('blade')
#10 /Users/alimadhoun/Desktop/GraduationProject/backend/vendor/laravel/framework/src/Illuminate/View/Factory.php(287): Illuminate\\View\\Factory->getEngineFromPath('/Users/alimadho...')
#11 /Users/alimadhoun/Desktop/GraduationProject/backend/vendor/laravel/framework/src/Illuminate/View/Factory.php(159): Illuminate\\View\\Factory->viewInstance('errors::403', '/Users/alimadho...', Array)
#12 /Users/alimadhoun/Desktop/GraduationProject/backend/vendor/laravel/framework/src/Illuminate/Routing/ResponseFactory.php(90): Illuminate\\View\\Factory->make('errors::403', Array)
#13 /Users/alimadhoun/Desktop/GraduationProject/backend/vendor/laravel/framework/src/Illuminate/Foundation/Exceptions/Handler.php(897): Illuminate\\Routing\\ResponseFactory->view('errors::403', Array, 403, Array)
#14 /Users/alimadhoun/Desktop/GraduationProject/backend/vendor/laravel/framework/src/Illuminate/Foundation/Exceptions/Handler.php(818): Illuminate\\Foundation\\Exceptions\\Handler->renderHttpException(Object(Symfony\\Component\\HttpKernel\\Exception\\HttpException))
#15 /Users/alimadhoun/Desktop/GraduationProject/backend/vendor/laravel/framework/src/Illuminate/Foundation/Exceptions/Handler.php(709): Illuminate\\Foundation\\Exceptions\\Handler->prepareResponse(Object(Illuminate\\Http\\Request), Object(Symfony\\Component\\HttpKernel\\Exception\\HttpException))
#16 /Users/alimadhoun/Desktop/GraduationProject/backend/vendor/laravel/framework/src/Illuminate/Foundation/Exceptions/Handler.php(597): Illuminate\\Foundation\\Exceptions\\Handler->renderExceptionResponse(Object(Illuminate\\Http\\Request), Object(Symfony\\Component\\HttpKernel\\Exception\\HttpException))
#17 /Users/alimadhoun/Desktop/GraduationProject/backend/vendor/laravel/framework/src/Illuminate/Routing/Pipeline.php(51): Illuminate\\Foundation\\Exceptions\\Handler->render(Object(Illuminate\\Http\\Request), Object(Symfony\\Component\\HttpKernel\\Exception\\HttpException))
#18 /Users/alimadhoun/Desktop/GraduationProject/backend/vendor/laravel/framework/src/Illuminate/Pipeline/Pipeline.php(171): Illuminate\\Routing\\Pipeline->handleException(Object(Illuminate\\Http\\Request), Object(Symfony\\Component\\HttpKernel\\Exception\\HttpException))
#19 /Users/alimadhoun/Desktop/GraduationProject/backend/vendor/laravel/framework/src/Illuminate/Pipeline/Pipeline.php(126): Illuminate\\Pipeline\\Pipeline->{closure:Illuminate\\Pipeline\\Pipeline::prepareDestination():167}(Object(Illuminate\\Http\\Request))
#20 /Users/alimadhoun/Desktop/GraduationProject/backend/vendor/laravel/framework/src/Illuminate/Routing/Router.php(807): Illuminate\\Pipeline\\Pipeline->then(Object(Closure))
#21 /Users/alimadhoun/Desktop/GraduationProject/backend/vendor/laravel/framework/src/Illuminate/Routing/Router.php(786): Illuminate\\Routing\\Router->runRouteWithinStack(Object(Illuminate\\Routing\\Route), Object(Illuminate\\Http\\Request))
#22 /Users/alimadhoun/Desktop/GraduationProject/backend/vendor/laravel/framework/src/Illuminate/Routing/Router.php(750): Illuminate\\Routing\\Router->runRoute(Object(Illuminate\\Http\\Request), Object(Illuminate\\Routing\\Route))
#23 /Users/alimadhoun/Desktop/GraduationProject/backend/vendor/laravel/framework/src/Illuminate/Routing/Router.php(739): Illuminate\\Routing\\Router->dispatchToRoute(Object(Illuminate\\Http\\Request))
#24 /Users/alimadhoun/Desktop/GraduationProject/backend/vendor/laravel/framework/src/Illuminate/Foundation/Http/Kernel.php(200): Illuminate\\Routing\\Router->dispatch(Object(Illuminate\\Http\\Request))
#25 /Users/alimadhoun/Desktop/GraduationProject/backend/vendor/laravel/framework/src/Illuminate/Pipeline/Pipeline.php(169): Illuminate\\Foundation\\Http\\Kernel->{closure:Illuminate\\Foundation\\Http\\Kernel::dispatchToRouter():197}(Object(Illuminate\\Http\\Request))
#26 /Users/alimadhoun/Desktop/GraduationProject/backend/vendor/laravel/framework/src/Illuminate/Foundation/Http/Middleware/TransformsRequest.php(21): Illuminate\\Pipeline\\Pipeline->{closure:Illuminate\\Pipeline\\Pipeline::prepareDestination():167}(Object(Illuminate\\Http\\Request))
#27 /Users/alimadhoun/Desktop/GraduationProject/backend/vendor/laravel/framework/src/Illuminate/Foundation/Http/Middleware/ConvertEmptyStringsToNull.php(31): Illuminate\\Foundation\\Http\\Middleware\\TransformsRequest->handle(Object(Illuminate\\Http\\Request), Object(Closure))
#28 /Users/alimadhoun/Desktop/GraduationProject/backend/vendor/laravel/framework/src/Illuminate/Pipeline/Pipeline.php(208): Illuminate\\Foundation\\Http\\Middleware\\ConvertEmptyStringsToNull->handle(Object(Illuminate\\Http\\Request), Object(Closure))
#29 /Users/alimadhoun/Desktop/GraduationProject/backend/vendor/laravel/framework/src/Illuminate/Foundation/Http/Middleware/TransformsRequest.php(21): Illuminate\\Pipeline\\Pipeline->{closure:{closure:Illuminate\\Pipeline\\Pipeline::carry():183}:184}(Object(Illuminate\\Http\\Request))
#30 /Users/alimadhoun/Desktop/GraduationProject/backend/vendor/laravel/framework/src/Illuminate/Foundation/Http/Middleware/TrimStrings.php(51): Illuminate\\Foundation\\Http\\Middleware\\TransformsRequest->handle(Object(Illuminate\\Http\\Request), Object(Closure))
#31 /Users/alimadhoun/Desktop/GraduationProject/backend/vendor/laravel/framework/src/Illuminate/Pipeline/Pipeline.php(208): Illuminate\\Foundation\\Http\\Middleware\\TrimStrings->handle(Object(Illuminate\\Http\\Request), Object(Closure))
#32 /Users/alimadhoun/Desktop/GraduationProject/backend/vendor/laravel/framework/src/Illuminate/Http/Middleware/ValidatePostSize.php(27): Illuminate\\Pipeline\\Pipeline->{closure:{closure:Illuminate\\Pipeline\\Pipeline::carry():183}:184}(Object(Illuminate\\Http\\Request))
#33 /Users/alimadhoun/Desktop/GraduationProject/backend/vendor/laravel/framework/src/Illuminate/Pipeline/Pipeline.php(208): Illuminate\\Http\\Middleware\\ValidatePostSize->handle(Object(Illuminate\\Http\\Request), Object(Closure))
#34 /Users/alimadhoun/Desktop/GraduationProject/backend/vendor/laravel/framework/src/Illuminate/Foundation/Http/Middleware/PreventRequestsDuringMaintenance.php(109): Illuminate\\Pipeline\\Pipeline->{closure:{closure:Illuminate\\Pipeline\\Pipeline::carry():183}:184}(Object(Illuminate\\Http\\Request))
#35 /Users/alimadhoun/Desktop/GraduationProject/backend/vendor/laravel/framework/src/Illuminate/Pipeline/Pipeline.php(208): Illuminate\\Foundation\\Http\\Middleware\\PreventRequestsDuringMaintenance->handle(Object(Illuminate\\Http\\Request), Object(Closure))
#36 /Users/alimadhoun/Desktop/GraduationProject/backend/vendor/laravel/framework/src/Illuminate/Http/Middleware/HandleCors.php(48): Illuminate\\Pipeline\\Pipeline->{closure:{closure:Illuminate\\Pipeline\\Pipeline::carry():183}:184}(Object(Illuminate\\Http\\Request))
#37 /Users/alimadhoun/Desktop/GraduationProject/backend/vendor/laravel/framework/src/Illuminate/Pipeline/Pipeline.php(208): Illuminate\\Http\\Middleware\\HandleCors->handle(Object(Illuminate\\Http\\Request), Object(Closure))
#38 /Users/alimadhoun/Desktop/GraduationProject/backend/vendor/laravel/framework/src/Illuminate/Http/Middleware/TrustProxies.php(58): Illuminate\\Pipeline\\Pipeline->{closure:{closure:Illuminate\\Pipeline\\Pipeline::carry():183}:184}(Object(Illuminate\\Http\\Request))
#39 /Users/alimadhoun/Desktop/GraduationProject/backend/vendor/laravel/framework/src/Illuminate/Pipeline/Pipeline.php(208): Illuminate\\Http\\Middleware\\TrustProxies->handle(Object(Illuminate\\Http\\Request), Object(Closure))
#40 /Users/alimadhoun/Desktop/GraduationProject/backend/vendor/laravel/framework/src/Illuminate/Foundation/Http/Middleware/InvokeDeferredCallbacks.php(22): Illuminate\\Pipeline\\Pipeline->{closure:{closure:Illuminate\\Pipeline\\Pipeline::carry():183}:184}(Object(Illuminate\\Http\\Request))
#41 /Users/alimadhoun/Desktop/GraduationProject/backend/vendor/laravel/framework/src/Illuminate/Pipeline/Pipeline.php(208): Illuminate\\Foundation\\Http\\Middleware\\InvokeDeferredCallbacks->handle(Object(Illuminate\\Http\\Request), Object(Closure))
#42 /Users/alimadhoun/Desktop/GraduationProject/backend/vendor/laravel/framework/src/Illuminate/Http/Middleware/ValidatePathEncoding.php(26): Illuminate\\Pipeline\\Pipeline->{closure:{closure:Illuminate\\Pipeline\\Pipeline::carry():183}:184}(Object(Illuminate\\Http\\Request))
#43 /Users/alimadhoun/Desktop/GraduationProject/backend/vendor/laravel/framework/src/Illuminate/Pipeline/Pipeline.php(208): Illuminate\\Http\\Middleware\\ValidatePathEncoding->handle(Object(Illuminate\\Http\\Request), Object(Closure))
#44 /Users/alimadhoun/Desktop/GraduationProject/backend/vendor/laravel/framework/src/Illuminate/Pipeline/Pipeline.php(126): Illuminate\\Pipeline\\Pipeline->{closure:{closure:Illuminate\\Pipeline\\Pipeline::carry():183}:184}(Object(Illuminate\\Http\\Request))
#45 /Users/alimadhoun/Desktop/GraduationProject/backend/vendor/laravel/framework/src/Illuminate/Foundation/Http/Kernel.php(175): Illuminate\\Pipeline\\Pipeline->then(Object(Closure))
#46 /Users/alimadhoun/Desktop/GraduationProject/backend/vendor/laravel/framework/src/Illuminate/Foundation/Http/Kernel.php(144): Illuminate\\Foundation\\Http\\Kernel->sendRequestThroughRouter(Object(Illuminate\\Http\\Request))
#47 /Users/alimadhoun/Desktop/GraduationProject/backend/vendor/laravel/framework/src/Illuminate/Foundation/Application.php(1219): Illuminate\\Foundation\\Http\\Kernel->handle(Object(Illuminate\\Http\\Request))
#48 /Users/alimadhoun/Desktop/GraduationProject/backend/public/index.php(20): Illuminate\\Foundation\\Application->handleRequest(Object(Illuminate\\Http\\Request))
#49 /Users/alimadhoun/Desktop/GraduationProject/backend/vendor/laravel/framework/src/Illuminate/Foundation/resources/server.php(23): require_once('/Users/alimadho...')
#50 {main}
"} 
[2025-05-03 10:23:21] local.ERROR: Please provide a valid cache path. {"exception":"[object] (InvalidArgumentException(code: 0): Please provide a valid cache path. at /Users/alimadhoun/Desktop/GraduationProject/backend/vendor/laravel/framework/src/Illuminate/View/Compilers/Compiler.php:66)
[stacktrace]
#0 /Users/alimadhoun/Desktop/GraduationProject/backend/vendor/laravel/framework/src/Illuminate/View/ViewServiceProvider.php(97): Illuminate\\View\\Compilers\\Compiler->__construct(Object(Illuminate\\Filesystem\\Filesystem), false, '', true, 'php')
#1 /Users/alimadhoun/Desktop/GraduationProject/backend/vendor/laravel/framework/src/Illuminate/Container/Container.php(1010): Illuminate\\View\\ViewServiceProvider->{closure:Illuminate\\View\\ViewServiceProvider::registerBladeCompiler():96}(Object(Illuminate\\Foundation\\Application), Array)
#2 /Users/alimadhoun/Desktop/GraduationProject/backend/vendor/laravel/framework/src/Illuminate/Container/Container.php(890): Illuminate\\Container\\Container->build(Object(Closure))
#3 /Users/alimadhoun/Desktop/GraduationProject/backend/vendor/laravel/framework/src/Illuminate/Foundation/Application.php(1077): Illuminate\\Container\\Container->resolve('blade.compiler', Array, true)
#4 /Users/alimadhoun/Desktop/GraduationProject/backend/vendor/laravel/framework/src/Illuminate/Container/Container.php(821): Illuminate\\Foundation\\Application->resolve('blade.compiler', Array)
#5 /Users/alimadhoun/Desktop/GraduationProject/backend/vendor/laravel/framework/src/Illuminate/Foundation/Application.php(1057): Illuminate\\Container\\Container->make('blade.compiler', Array)
#6 /Users/alimadhoun/Desktop/GraduationProject/backend/vendor/laravel/framework/src/Illuminate/View/ViewServiceProvider.php(168): Illuminate\\Foundation\\Application->make('blade.compiler')
#7 [internal function]: Illuminate\\View\\ViewServiceProvider->{closure:Illuminate\\View\\ViewServiceProvider::registerBladeEngine():164}()
#8 /Users/alimadhoun/Desktop/GraduationProject/backend/vendor/laravel/framework/src/Illuminate/View/Engines/EngineResolver.php(55): call_user_func(Object(Closure))
#9 /Users/alimadhoun/Desktop/GraduationProject/backend/vendor/laravel/framework/src/Illuminate/View/Factory.php(325): Illuminate\\View\\Engines\\EngineResolver->resolve('blade')
#10 /Users/alimadhoun/Desktop/GraduationProject/backend/vendor/laravel/framework/src/Illuminate/View/Factory.php(287): Illuminate\\View\\Factory->getEngineFromPath('/Users/alimadho...')
#11 /Users/alimadhoun/Desktop/GraduationProject/backend/vendor/laravel/framework/src/Illuminate/View/Factory.php(159): Illuminate\\View\\Factory->viewInstance('errors::403', '/Users/alimadho...', Array)
#12 /Users/alimadhoun/Desktop/GraduationProject/backend/vendor/laravel/framework/src/Illuminate/Routing/ResponseFactory.php(90): Illuminate\\View\\Factory->make('errors::403', Array)
#13 /Users/alimadhoun/Desktop/GraduationProject/backend/vendor/laravel/framework/src/Illuminate/Foundation/Exceptions/Handler.php(897): Illuminate\\Routing\\ResponseFactory->view('errors::403', Array, 403, Array)
#14 /Users/alimadhoun/Desktop/GraduationProject/backend/vendor/laravel/framework/src/Illuminate/Foundation/Exceptions/Handler.php(818): Illuminate\\Foundation\\Exceptions\\Handler->renderHttpException(Object(Symfony\\Component\\HttpKernel\\Exception\\HttpException))
#15 /Users/alimadhoun/Desktop/GraduationProject/backend/vendor/laravel/framework/src/Illuminate/Foundation/Exceptions/Handler.php(709): Illuminate\\Foundation\\Exceptions\\Handler->prepareResponse(Object(Illuminate\\Http\\Request), Object(Symfony\\Component\\HttpKernel\\Exception\\HttpException))
#16 /Users/alimadhoun/Desktop/GraduationProject/backend/vendor/laravel/framework/src/Illuminate/Foundation/Exceptions/Handler.php(597): Illuminate\\Foundation\\Exceptions\\Handler->renderExceptionResponse(Object(Illuminate\\Http\\Request), Object(Symfony\\Component\\HttpKernel\\Exception\\HttpException))
#17 /Users/alimadhoun/Desktop/GraduationProject/backend/vendor/laravel/framework/src/Illuminate/Routing/Pipeline.php(51): Illuminate\\Foundation\\Exceptions\\Handler->render(Object(Illuminate\\Http\\Request), Object(Symfony\\Component\\HttpKernel\\Exception\\HttpException))
#18 /Users/alimadhoun/Desktop/GraduationProject/backend/vendor/laravel/framework/src/Illuminate/Pipeline/Pipeline.php(171): Illuminate\\Routing\\Pipeline->handleException(Object(Illuminate\\Http\\Request), Object(Symfony\\Component\\HttpKernel\\Exception\\HttpException))
#19 /Users/alimadhoun/Desktop/GraduationProject/backend/vendor/laravel/framework/src/Illuminate/Pipeline/Pipeline.php(126): Illuminate\\Pipeline\\Pipeline->{closure:Illuminate\\Pipeline\\Pipeline::prepareDestination():167}(Object(Illuminate\\Http\\Request))
#20 /Users/alimadhoun/Desktop/GraduationProject/backend/vendor/laravel/framework/src/Illuminate/Routing/Router.php(807): Illuminate\\Pipeline\\Pipeline->then(Object(Closure))
#21 /Users/alimadhoun/Desktop/GraduationProject/backend/vendor/laravel/framework/src/Illuminate/Routing/Router.php(786): Illuminate\\Routing\\Router->runRouteWithinStack(Object(Illuminate\\Routing\\Route), Object(Illuminate\\Http\\Request))
#22 /Users/alimadhoun/Desktop/GraduationProject/backend/vendor/laravel/framework/src/Illuminate/Routing/Router.php(750): Illuminate\\Routing\\Router->runRoute(Object(Illuminate\\Http\\Request), Object(Illuminate\\Routing\\Route))
#23 /Users/alimadhoun/Desktop/GraduationProject/backend/vendor/laravel/framework/src/Illuminate/Routing/Router.php(739): Illuminate\\Routing\\Router->dispatchToRoute(Object(Illuminate\\Http\\Request))
#24 /Users/alimadhoun/Desktop/GraduationProject/backend/vendor/laravel/framework/src/Illuminate/Foundation/Http/Kernel.php(200): Illuminate\\Routing\\Router->dispatch(Object(Illuminate\\Http\\Request))
#25 /Users/alimadhoun/Desktop/GraduationProject/backend/vendor/laravel/framework/src/Illuminate/Pipeline/Pipeline.php(169): Illuminate\\Foundation\\Http\\Kernel->{closure:Illuminate\\Foundation\\Http\\Kernel::dispatchToRouter():197}(Object(Illuminate\\Http\\Request))
#26 /Users/alimadhoun/Desktop/GraduationProject/backend/vendor/laravel/framework/src/Illuminate/Foundation/Http/Middleware/TransformsRequest.php(21): Illuminate\\Pipeline\\Pipeline->{closure:Illuminate\\Pipeline\\Pipeline::prepareDestination():167}(Object(Illuminate\\Http\\Request))
#27 /Users/alimadhoun/Desktop/GraduationProject/backend/vendor/laravel/framework/src/Illuminate/Foundation/Http/Middleware/ConvertEmptyStringsToNull.php(31): Illuminate\\Foundation\\Http\\Middleware\\TransformsRequest->handle(Object(Illuminate\\Http\\Request), Object(Closure))
#28 /Users/alimadhoun/Desktop/GraduationProject/backend/vendor/laravel/framework/src/Illuminate/Pipeline/Pipeline.php(208): Illuminate\\Foundation\\Http\\Middleware\\ConvertEmptyStringsToNull->handle(Object(Illuminate\\Http\\Request), Object(Closure))
#29 /Users/alimadhoun/Desktop/GraduationProject/backend/vendor/laravel/framework/src/Illuminate/Foundation/Http/Middleware/TransformsRequest.php(21): Illuminate\\Pipeline\\Pipeline->{closure:{closure:Illuminate\\Pipeline\\Pipeline::carry():183}:184}(Object(Illuminate\\Http\\Request))
#30 /Users/alimadhoun/Desktop/GraduationProject/backend/vendor/laravel/framework/src/Illuminate/Foundation/Http/Middleware/TrimStrings.php(51): Illuminate\\Foundation\\Http\\Middleware\\TransformsRequest->handle(Object(Illuminate\\Http\\Request), Object(Closure))
#31 /Users/alimadhoun/Desktop/GraduationProject/backend/vendor/laravel/framework/src/Illuminate/Pipeline/Pipeline.php(208): Illuminate\\Foundation\\Http\\Middleware\\TrimStrings->handle(Object(Illuminate\\Http\\Request), Object(Closure))
#32 /Users/alimadhoun/Desktop/GraduationProject/backend/vendor/laravel/framework/src/Illuminate/Http/Middleware/ValidatePostSize.php(27): Illuminate\\Pipeline\\Pipeline->{closure:{closure:Illuminate\\Pipeline\\Pipeline::carry():183}:184}(Object(Illuminate\\Http\\Request))
#33 /Users/alimadhoun/Desktop/GraduationProject/backend/vendor/laravel/framework/src/Illuminate/Pipeline/Pipeline.php(208): Illuminate\\Http\\Middleware\\ValidatePostSize->handle(Object(Illuminate\\Http\\Request), Object(Closure))
#34 /Users/alimadhoun/Desktop/GraduationProject/backend/vendor/laravel/framework/src/Illuminate/Foundation/Http/Middleware/PreventRequestsDuringMaintenance.php(109): Illuminate\\Pipeline\\Pipeline->{closure:{closure:Illuminate\\Pipeline\\Pipeline::carry():183}:184}(Object(Illuminate\\Http\\Request))
#35 /Users/alimadhoun/Desktop/GraduationProject/backend/vendor/laravel/framework/src/Illuminate/Pipeline/Pipeline.php(208): Illuminate\\Foundation\\Http\\Middleware\\PreventRequestsDuringMaintenance->handle(Object(Illuminate\\Http\\Request), Object(Closure))
#36 /Users/alimadhoun/Desktop/GraduationProject/backend/vendor/laravel/framework/src/Illuminate/Http/Middleware/HandleCors.php(48): Illuminate\\Pipeline\\Pipeline->{closure:{closure:Illuminate\\Pipeline\\Pipeline::carry():183}:184}(Object(Illuminate\\Http\\Request))
#37 /Users/alimadhoun/Desktop/GraduationProject/backend/vendor/laravel/framework/src/Illuminate/Pipeline/Pipeline.php(208): Illuminate\\Http\\Middleware\\HandleCors->handle(Object(Illuminate\\Http\\Request), Object(Closure))
#38 /Users/alimadhoun/Desktop/GraduationProject/backend/vendor/laravel/framework/src/Illuminate/Http/Middleware/TrustProxies.php(58): Illuminate\\Pipeline\\Pipeline->{closure:{closure:Illuminate\\Pipeline\\Pipeline::carry():183}:184}(Object(Illuminate\\Http\\Request))
#39 /Users/alimadhoun/Desktop/GraduationProject/backend/vendor/laravel/framework/src/Illuminate/Pipeline/Pipeline.php(208): Illuminate\\Http\\Middleware\\TrustProxies->handle(Object(Illuminate\\Http\\Request), Object(Closure))
#40 /Users/alimadhoun/Desktop/GraduationProject/backend/vendor/laravel/framework/src/Illuminate/Foundation/Http/Middleware/InvokeDeferredCallbacks.php(22): Illuminate\\Pipeline\\Pipeline->{closure:{closure:Illuminate\\Pipeline\\Pipeline::carry():183}:184}(Object(Illuminate\\Http\\Request))
#41 /Users/alimadhoun/Desktop/GraduationProject/backend/vendor/laravel/framework/src/Illuminate/Pipeline/Pipeline.php(208): Illuminate\\Foundation\\Http\\Middleware\\InvokeDeferredCallbacks->handle(Object(Illuminate\\Http\\Request), Object(Closure))
#42 /Users/alimadhoun/Desktop/GraduationProject/backend/vendor/laravel/framework/src/Illuminate/Http/Middleware/ValidatePathEncoding.php(26): Illuminate\\Pipeline\\Pipeline->{closure:{closure:Illuminate\\Pipeline\\Pipeline::carry():183}:184}(Object(Illuminate\\Http\\Request))
#43 /Users/alimadhoun/Desktop/GraduationProject/backend/vendor/laravel/framework/src/Illuminate/Pipeline/Pipeline.php(208): Illuminate\\Http\\Middleware\\ValidatePathEncoding->handle(Object(Illuminate\\Http\\Request), Object(Closure))
#44 /Users/alimadhoun/Desktop/GraduationProject/backend/vendor/laravel/framework/src/Illuminate/Pipeline/Pipeline.php(126): Illuminate\\Pipeline\\Pipeline->{closure:{closure:Illuminate\\Pipeline\\Pipeline::carry():183}:184}(Object(Illuminate\\Http\\Request))
#45 /Users/alimadhoun/Desktop/GraduationProject/backend/vendor/laravel/framework/src/Illuminate/Foundation/Http/Kernel.php(175): Illuminate\\Pipeline\\Pipeline->then(Object(Closure))
#46 /Users/alimadhoun/Desktop/GraduationProject/backend/vendor/laravel/framework/src/Illuminate/Foundation/Http/Kernel.php(144): Illuminate\\Foundation\\Http\\Kernel->sendRequestThroughRouter(Object(Illuminate\\Http\\Request))
#47 /Users/alimadhoun/Desktop/GraduationProject/backend/vendor/laravel/framework/src/Illuminate/Foundation/Application.php(1219): Illuminate\\Foundation\\Http\\Kernel->handle(Object(Illuminate\\Http\\Request))
#48 /Users/alimadhoun/Desktop/GraduationProject/backend/public/index.php(20): Illuminate\\Foundation\\Application->handleRequest(Object(Illuminate\\Http\\Request))
#49 /Users/alimadhoun/Desktop/GraduationProject/backend/vendor/laravel/framework/src/Illuminate/Foundation/resources/server.php(23): require_once('/Users/alimadho...')
#50 {main}
"} 
[2025-05-03 10:23:21] local.ERROR: Please provide a valid cache path. {"exception":"[object] (InvalidArgumentException(code: 0): Please provide a valid cache path. at /Users/alimadhoun/Desktop/GraduationProject/backend/vendor/laravel/framework/src/Illuminate/View/Compilers/Compiler.php:66)
[stacktrace]
#0 /Users/alimadhoun/Desktop/GraduationProject/backend/vendor/laravel/framework/src/Illuminate/View/ViewServiceProvider.php(97): Illuminate\\View\\Compilers\\Compiler->__construct(Object(Illuminate\\Filesystem\\Filesystem), false, '', true, 'php')
#1 /Users/alimadhoun/Desktop/GraduationProject/backend/vendor/laravel/framework/src/Illuminate/Container/Container.php(1010): Illuminate\\View\\ViewServiceProvider->{closure:Illuminate\\View\\ViewServiceProvider::registerBladeCompiler():96}(Object(Illuminate\\Foundation\\Application), Array)
#2 /Users/alimadhoun/Desktop/GraduationProject/backend/vendor/laravel/framework/src/Illuminate/Container/Container.php(890): Illuminate\\Container\\Container->build(Object(Closure))
#3 /Users/alimadhoun/Desktop/GraduationProject/backend/vendor/laravel/framework/src/Illuminate/Foundation/Application.php(1077): Illuminate\\Container\\Container->resolve('blade.compiler', Array, true)
#4 /Users/alimadhoun/Desktop/GraduationProject/backend/vendor/laravel/framework/src/Illuminate/Container/Container.php(821): Illuminate\\Foundation\\Application->resolve('blade.compiler', Array)
#5 /Users/alimadhoun/Desktop/GraduationProject/backend/vendor/laravel/framework/src/Illuminate/Foundation/Application.php(1057): Illuminate\\Container\\Container->make('blade.compiler', Array)
#6 /Users/alimadhoun/Desktop/GraduationProject/backend/vendor/laravel/framework/src/Illuminate/View/ViewServiceProvider.php(168): Illuminate\\Foundation\\Application->make('blade.compiler')
#7 [internal function]: Illuminate\\View\\ViewServiceProvider->{closure:Illuminate\\View\\ViewServiceProvider::registerBladeEngine():164}()
#8 /Users/alimadhoun/Desktop/GraduationProject/backend/vendor/laravel/framework/src/Illuminate/View/Engines/EngineResolver.php(55): call_user_func(Object(Closure))
#9 /Users/alimadhoun/Desktop/GraduationProject/backend/vendor/laravel/framework/src/Illuminate/View/Factory.php(325): Illuminate\\View\\Engines\\EngineResolver->resolve('blade')
#10 /Users/alimadhoun/Desktop/GraduationProject/backend/vendor/laravel/framework/src/Illuminate/View/Factory.php(287): Illuminate\\View\\Factory->getEngineFromPath('/Users/alimadho...')
#11 /Users/alimadhoun/Desktop/GraduationProject/backend/vendor/laravel/framework/src/Illuminate/View/Factory.php(159): Illuminate\\View\\Factory->viewInstance('errors::403', '/Users/alimadho...', Array)
#12 /Users/alimadhoun/Desktop/GraduationProject/backend/vendor/laravel/framework/src/Illuminate/Routing/ResponseFactory.php(90): Illuminate\\View\\Factory->make('errors::403', Array)
#13 /Users/alimadhoun/Desktop/GraduationProject/backend/vendor/laravel/framework/src/Illuminate/Foundation/Exceptions/Handler.php(897): Illuminate\\Routing\\ResponseFactory->view('errors::403', Array, 403, Array)
#14 /Users/alimadhoun/Desktop/GraduationProject/backend/vendor/laravel/framework/src/Illuminate/Foundation/Exceptions/Handler.php(818): Illuminate\\Foundation\\Exceptions\\Handler->renderHttpException(Object(Symfony\\Component\\HttpKernel\\Exception\\HttpException))
#15 /Users/alimadhoun/Desktop/GraduationProject/backend/vendor/laravel/framework/src/Illuminate/Foundation/Exceptions/Handler.php(709): Illuminate\\Foundation\\Exceptions\\Handler->prepareResponse(Object(Illuminate\\Http\\Request), Object(Symfony\\Component\\HttpKernel\\Exception\\HttpException))
#16 /Users/alimadhoun/Desktop/GraduationProject/backend/vendor/laravel/framework/src/Illuminate/Foundation/Exceptions/Handler.php(597): Illuminate\\Foundation\\Exceptions\\Handler->renderExceptionResponse(Object(Illuminate\\Http\\Request), Object(Symfony\\Component\\HttpKernel\\Exception\\HttpException))
#17 /Users/alimadhoun/Desktop/GraduationProject/backend/vendor/laravel/framework/src/Illuminate/Routing/Pipeline.php(51): Illuminate\\Foundation\\Exceptions\\Handler->render(Object(Illuminate\\Http\\Request), Object(Symfony\\Component\\HttpKernel\\Exception\\HttpException))
#18 /Users/alimadhoun/Desktop/GraduationProject/backend/vendor/laravel/framework/src/Illuminate/Pipeline/Pipeline.php(171): Illuminate\\Routing\\Pipeline->handleException(Object(Illuminate\\Http\\Request), Object(Symfony\\Component\\HttpKernel\\Exception\\HttpException))
#19 /Users/alimadhoun/Desktop/GraduationProject/backend/vendor/laravel/framework/src/Illuminate/Pipeline/Pipeline.php(126): Illuminate\\Pipeline\\Pipeline->{closure:Illuminate\\Pipeline\\Pipeline::prepareDestination():167}(Object(Illuminate\\Http\\Request))
#20 /Users/alimadhoun/Desktop/GraduationProject/backend/vendor/laravel/framework/src/Illuminate/Routing/Router.php(807): Illuminate\\Pipeline\\Pipeline->then(Object(Closure))
#21 /Users/alimadhoun/Desktop/GraduationProject/backend/vendor/laravel/framework/src/Illuminate/Routing/Router.php(786): Illuminate\\Routing\\Router->runRouteWithinStack(Object(Illuminate\\Routing\\Route), Object(Illuminate\\Http\\Request))
#22 /Users/alimadhoun/Desktop/GraduationProject/backend/vendor/laravel/framework/src/Illuminate/Routing/Router.php(750): Illuminate\\Routing\\Router->runRoute(Object(Illuminate\\Http\\Request), Object(Illuminate\\Routing\\Route))
#23 /Users/alimadhoun/Desktop/GraduationProject/backend/vendor/laravel/framework/src/Illuminate/Routing/Router.php(739): Illuminate\\Routing\\Router->dispatchToRoute(Object(Illuminate\\Http\\Request))
#24 /Users/alimadhoun/Desktop/GraduationProject/backend/vendor/laravel/framework/src/Illuminate/Foundation/Http/Kernel.php(200): Illuminate\\Routing\\Router->dispatch(Object(Illuminate\\Http\\Request))
#25 /Users/alimadhoun/Desktop/GraduationProject/backend/vendor/laravel/framework/src/Illuminate/Pipeline/Pipeline.php(169): Illuminate\\Foundation\\Http\\Kernel->{closure:Illuminate\\Foundation\\Http\\Kernel::dispatchToRouter():197}(Object(Illuminate\\Http\\Request))
#26 /Users/alimadhoun/Desktop/GraduationProject/backend/vendor/laravel/framework/src/Illuminate/Foundation/Http/Middleware/TransformsRequest.php(21): Illuminate\\Pipeline\\Pipeline->{closure:Illuminate\\Pipeline\\Pipeline::prepareDestination():167}(Object(Illuminate\\Http\\Request))
#27 /Users/alimadhoun/Desktop/GraduationProject/backend/vendor/laravel/framework/src/Illuminate/Foundation/Http/Middleware/ConvertEmptyStringsToNull.php(31): Illuminate\\Foundation\\Http\\Middleware\\TransformsRequest->handle(Object(Illuminate\\Http\\Request), Object(Closure))
#28 /Users/alimadhoun/Desktop/GraduationProject/backend/vendor/laravel/framework/src/Illuminate/Pipeline/Pipeline.php(208): Illuminate\\Foundation\\Http\\Middleware\\ConvertEmptyStringsToNull->handle(Object(Illuminate\\Http\\Request), Object(Closure))
#29 /Users/alimadhoun/Desktop/GraduationProject/backend/vendor/laravel/framework/src/Illuminate/Foundation/Http/Middleware/TransformsRequest.php(21): Illuminate\\Pipeline\\Pipeline->{closure:{closure:Illuminate\\Pipeline\\Pipeline::carry():183}:184}(Object(Illuminate\\Http\\Request))
#30 /Users/alimadhoun/Desktop/GraduationProject/backend/vendor/laravel/framework/src/Illuminate/Foundation/Http/Middleware/TrimStrings.php(51): Illuminate\\Foundation\\Http\\Middleware\\TransformsRequest->handle(Object(Illuminate\\Http\\Request), Object(Closure))
#31 /Users/alimadhoun/Desktop/GraduationProject/backend/vendor/laravel/framework/src/Illuminate/Pipeline/Pipeline.php(208): Illuminate\\Foundation\\Http\\Middleware\\TrimStrings->handle(Object(Illuminate\\Http\\Request), Object(Closure))
#32 /Users/alimadhoun/Desktop/GraduationProject/backend/vendor/laravel/framework/src/Illuminate/Http/Middleware/ValidatePostSize.php(27): Illuminate\\Pipeline\\Pipeline->{closure:{closure:Illuminate\\Pipeline\\Pipeline::carry():183}:184}(Object(Illuminate\\Http\\Request))
#33 /Users/alimadhoun/Desktop/GraduationProject/backend/vendor/laravel/framework/src/Illuminate/Pipeline/Pipeline.php(208): Illuminate\\Http\\Middleware\\ValidatePostSize->handle(Object(Illuminate\\Http\\Request), Object(Closure))
#34 /Users/alimadhoun/Desktop/GraduationProject/backend/vendor/laravel/framework/src/Illuminate/Foundation/Http/Middleware/PreventRequestsDuringMaintenance.php(109): Illuminate\\Pipeline\\Pipeline->{closure:{closure:Illuminate\\Pipeline\\Pipeline::carry():183}:184}(Object(Illuminate\\Http\\Request))
#35 /Users/alimadhoun/Desktop/GraduationProject/backend/vendor/laravel/framework/src/Illuminate/Pipeline/Pipeline.php(208): Illuminate\\Foundation\\Http\\Middleware\\PreventRequestsDuringMaintenance->handle(Object(Illuminate\\Http\\Request), Object(Closure))
#36 /Users/alimadhoun/Desktop/GraduationProject/backend/vendor/laravel/framework/src/Illuminate/Http/Middleware/HandleCors.php(48): Illuminate\\Pipeline\\Pipeline->{closure:{closure:Illuminate\\Pipeline\\Pipeline::carry():183}:184}(Object(Illuminate\\Http\\Request))
#37 /Users/alimadhoun/Desktop/GraduationProject/backend/vendor/laravel/framework/src/Illuminate/Pipeline/Pipeline.php(208): Illuminate\\Http\\Middleware\\HandleCors->handle(Object(Illuminate\\Http\\Request), Object(Closure))
#38 /Users/alimadhoun/Desktop/GraduationProject/backend/vendor/laravel/framework/src/Illuminate/Http/Middleware/TrustProxies.php(58): Illuminate\\Pipeline\\Pipeline->{closure:{closure:Illuminate\\Pipeline\\Pipeline::carry():183}:184}(Object(Illuminate\\Http\\Request))
#39 /Users/alimadhoun/Desktop/GraduationProject/backend/vendor/laravel/framework/src/Illuminate/Pipeline/Pipeline.php(208): Illuminate\\Http\\Middleware\\TrustProxies->handle(Object(Illuminate\\Http\\Request), Object(Closure))
#40 /Users/alimadhoun/Desktop/GraduationProject/backend/vendor/laravel/framework/src/Illuminate/Foundation/Http/Middleware/InvokeDeferredCallbacks.php(22): Illuminate\\Pipeline\\Pipeline->{closure:{closure:Illuminate\\Pipeline\\Pipeline::carry():183}:184}(Object(Illuminate\\Http\\Request))
#41 /Users/alimadhoun/Desktop/GraduationProject/backend/vendor/laravel/framework/src/Illuminate/Pipeline/Pipeline.php(208): Illuminate\\Foundation\\Http\\Middleware\\InvokeDeferredCallbacks->handle(Object(Illuminate\\Http\\Request), Object(Closure))
#42 /Users/alimadhoun/Desktop/GraduationProject/backend/vendor/laravel/framework/src/Illuminate/Http/Middleware/ValidatePathEncoding.php(26): Illuminate\\Pipeline\\Pipeline->{closure:{closure:Illuminate\\Pipeline\\Pipeline::carry():183}:184}(Object(Illuminate\\Http\\Request))
#43 /Users/alimadhoun/Desktop/GraduationProject/backend/vendor/laravel/framework/src/Illuminate/Pipeline/Pipeline.php(208): Illuminate\\Http\\Middleware\\ValidatePathEncoding->handle(Object(Illuminate\\Http\\Request), Object(Closure))
#44 /Users/alimadhoun/Desktop/GraduationProject/backend/vendor/laravel/framework/src/Illuminate/Pipeline/Pipeline.php(126): Illuminate\\Pipeline\\Pipeline->{closure:{closure:Illuminate\\Pipeline\\Pipeline::carry():183}:184}(Object(Illuminate\\Http\\Request))
#45 /Users/alimadhoun/Desktop/GraduationProject/backend/vendor/laravel/framework/src/Illuminate/Foundation/Http/Kernel.php(175): Illuminate\\Pipeline\\Pipeline->then(Object(Closure))
#46 /Users/alimadhoun/Desktop/GraduationProject/backend/vendor/laravel/framework/src/Illuminate/Foundation/Http/Kernel.php(144): Illuminate\\Foundation\\Http\\Kernel->sendRequestThroughRouter(Object(Illuminate\\Http\\Request))
#47 /Users/alimadhoun/Desktop/GraduationProject/backend/vendor/laravel/framework/src/Illuminate/Foundation/Application.php(1219): Illuminate\\Foundation\\Http\\Kernel->handle(Object(Illuminate\\Http\\Request))
#48 /Users/alimadhoun/Desktop/GraduationProject/backend/public/index.php(20): Illuminate\\Foundation\\Application->handleRequest(Object(Illuminate\\Http\\Request))
#49 /Users/alimadhoun/Desktop/GraduationProject/backend/vendor/laravel/framework/src/Illuminate/Foundation/resources/server.php(23): require_once('/Users/alimadho...')
#50 {main}
"} 
[2025-05-03 11:59:30] local.ERROR: SQLSTATE[HY000]: General error: 1005 Can't create table `bizadvisor`.`feedback_aspect_ratings` (errno: 150 "Foreign key constraint is incorrectly formed") (Connection: mysql, SQL: alter table `feedback_aspect_ratings` add constraint `feedback_aspect_ratings_feedback_id_foreign` foreign key (`feedback_id`) references `feedback` (`id`) on delete cascade) {"exception":"[object] (Illuminate\\Database\\QueryException(code: HY000): SQLSTATE[HY000]: General error: 1005 Can't create table `bizadvisor`.`feedback_aspect_ratings` (errno: 150 \"Foreign key constraint is incorrectly formed\") (Connection: mysql, SQL: alter table `feedback_aspect_ratings` add constraint `feedback_aspect_ratings_feedback_id_foreign` foreign key (`feedback_id`) references `feedback` (`id`) on delete cascade) at /Users/alimadhoun/Desktop/GraduationProject/backend/vendor/laravel/framework/src/Illuminate/Database/Connection.php:822)
[stacktrace]
#0 /Users/alimadhoun/Desktop/GraduationProject/backend/vendor/laravel/framework/src/Illuminate/Database/Connection.php(776): Illuminate\\Database\\Connection->runQueryCallback('alter table `fe...', Array, Object(Closure))
#1 /Users/alimadhoun/Desktop/GraduationProject/backend/vendor/laravel/framework/src/Illuminate/Database/Connection.php(557): Illuminate\\Database\\Connection->run('alter table `fe...', Array, Object(Closure))
#2 /Users/alimadhoun/Desktop/GraduationProject/backend/vendor/laravel/framework/src/Illuminate/Database/Schema/Blueprint.php(119): Illuminate\\Database\\Connection->statement('alter table `fe...')
#3 /Users/alimadhoun/Desktop/GraduationProject/backend/vendor/laravel/framework/src/Illuminate/Database/Schema/Builder.php(618): Illuminate\\Database\\Schema\\Blueprint->build()
#4 /Users/alimadhoun/Desktop/GraduationProject/backend/vendor/laravel/framework/src/Illuminate/Database/Schema/Builder.php(472): Illuminate\\Database\\Schema\\Builder->build(Object(Illuminate\\Database\\Schema\\Blueprint))
#5 /Users/alimadhoun/Desktop/GraduationProject/backend/vendor/laravel/framework/src/Illuminate/Support/Facades/Facade.php(361): Illuminate\\Database\\Schema\\Builder->create('feedback_aspect...', Object(Closure))
#6 /Users/alimadhoun/Desktop/GraduationProject/backend/database/migrations/2024_06_01_000000_create_feedback_aspect_ratings_table.php(14): Illuminate\\Support\\Facades\\Facade::__callStatic('create', Array)
#7 /Users/alimadhoun/Desktop/GraduationProject/backend/vendor/laravel/framework/src/Illuminate/Database/Migrations/Migrator.php(514): Illuminate\\Database\\Migrations\\Migration@anonymous->up()
#8 /Users/alimadhoun/Desktop/GraduationProject/backend/vendor/laravel/framework/src/Illuminate/Database/Migrations/Migrator.php(439): Illuminate\\Database\\Migrations\\Migrator->runMethod(Object(Illuminate\\Database\\MySqlConnection), Object(Illuminate\\Database\\Migrations\\Migration@anonymous), 'up')
#9 /Users/alimadhoun/Desktop/GraduationProject/backend/vendor/laravel/framework/src/Illuminate/Database/Migrations/Migrator.php(448): Illuminate\\Database\\Migrations\\Migrator->{closure:Illuminate\\Database\\Migrations\\Migrator::runMigration():435}()
#10 /Users/alimadhoun/Desktop/GraduationProject/backend/vendor/laravel/framework/src/Illuminate/Database/Migrations/Migrator.php(250): Illuminate\\Database\\Migrations\\Migrator->runMigration(Object(Illuminate\\Database\\Migrations\\Migration@anonymous), 'up')
#11 /Users/alimadhoun/Desktop/GraduationProject/backend/vendor/laravel/framework/src/Illuminate/Console/View/Components/Task.php(41): Illuminate\\Database\\Migrations\\Migrator->{closure:Illuminate\\Database\\Migrations\\Migrator::runUp():250}()
#12 /Users/alimadhoun/Desktop/GraduationProject/backend/vendor/laravel/framework/src/Illuminate/Database/Migrations/Migrator.php(805): Illuminate\\Console\\View\\Components\\Task->render('2024_06_01_0000...', Object(Closure))
#13 /Users/alimadhoun/Desktop/GraduationProject/backend/vendor/laravel/framework/src/Illuminate/Database/Migrations/Migrator.php(250): Illuminate\\Database\\Migrations\\Migrator->write('Illuminate\\\\Cons...', '2024_06_01_0000...', Object(Closure))
#14 /Users/alimadhoun/Desktop/GraduationProject/backend/vendor/laravel/framework/src/Illuminate/Database/Migrations/Migrator.php(210): Illuminate\\Database\\Migrations\\Migrator->runUp('/Users/alimadho...', 5, false)
#15 /Users/alimadhoun/Desktop/GraduationProject/backend/vendor/laravel/framework/src/Illuminate/Database/Migrations/Migrator.php(137): Illuminate\\Database\\Migrations\\Migrator->runPending(Array, Array)
#16 /Users/alimadhoun/Desktop/GraduationProject/backend/vendor/laravel/framework/src/Illuminate/Database/Console/Migrations/MigrateCommand.php(116): Illuminate\\Database\\Migrations\\Migrator->run(Array, Array)
#17 /Users/alimadhoun/Desktop/GraduationProject/backend/vendor/laravel/framework/src/Illuminate/Database/Migrations/Migrator.php(665): Illuminate\\Database\\Console\\Migrations\\MigrateCommand->{closure:Illuminate\\Database\\Console\\Migrations\\MigrateCommand::runMigrations():109}()
#18 /Users/alimadhoun/Desktop/GraduationProject/backend/vendor/laravel/framework/src/Illuminate/Database/Console/Migrations/MigrateCommand.php(109): Illuminate\\Database\\Migrations\\Migrator->usingConnection(NULL, Object(Closure))
#19 /Users/alimadhoun/Desktop/GraduationProject/backend/vendor/laravel/framework/src/Illuminate/Database/Console/Migrations/MigrateCommand.php(88): Illuminate\\Database\\Console\\Migrations\\MigrateCommand->runMigrations()
#20 /Users/alimadhoun/Desktop/GraduationProject/backend/vendor/laravel/framework/src/Illuminate/Container/BoundMethod.php(36): Illuminate\\Database\\Console\\Migrations\\MigrateCommand->handle()
#21 /Users/alimadhoun/Desktop/GraduationProject/backend/vendor/laravel/framework/src/Illuminate/Container/Util.php(43): Illuminate\\Container\\BoundMethod::{closure:Illuminate\\Container\\BoundMethod::call():35}()
#22 /Users/alimadhoun/Desktop/GraduationProject/backend/vendor/laravel/framework/src/Illuminate/Container/BoundMethod.php(96): Illuminate\\Container\\Util::unwrapIfClosure(Object(Closure))
#23 /Users/alimadhoun/Desktop/GraduationProject/backend/vendor/laravel/framework/src/Illuminate/Container/BoundMethod.php(35): Illuminate\\Container\\BoundMethod::callBoundMethod(Object(Illuminate\\Foundation\\Application), Array, Object(Closure))
#24 /Users/alimadhoun/Desktop/GraduationProject/backend/vendor/laravel/framework/src/Illuminate/Container/Container.php(754): Illuminate\\Container\\BoundMethod::call(Object(Illuminate\\Foundation\\Application), Array, Array, NULL)
#25 /Users/alimadhoun/Desktop/GraduationProject/backend/vendor/laravel/framework/src/Illuminate/Console/Command.php(211): Illuminate\\Container\\Container->call(Array)
#26 /Users/alimadhoun/Desktop/GraduationProject/backend/vendor/symfony/console/Command/Command.php(279): Illuminate\\Console\\Command->execute(Object(Symfony\\Component\\Console\\Input\\ArgvInput), Object(Illuminate\\Console\\OutputStyle))
#27 /Users/alimadhoun/Desktop/GraduationProject/backend/vendor/laravel/framework/src/Illuminate/Console/Command.php(180): Symfony\\Component\\Console\\Command\\Command->run(Object(Symfony\\Component\\Console\\Input\\ArgvInput), Object(Illuminate\\Console\\OutputStyle))
#28 /Users/alimadhoun/Desktop/GraduationProject/backend/vendor/symfony/console/Application.php(1094): Illuminate\\Console\\Command->run(Object(Symfony\\Component\\Console\\Input\\ArgvInput), Object(Symfony\\Component\\Console\\Output\\ConsoleOutput))
#29 /Users/alimadhoun/Desktop/GraduationProject/backend/vendor/symfony/console/Application.php(342): Symfony\\Component\\Console\\Application->doRunCommand(Object(Illuminate\\Database\\Console\\Migrations\\MigrateCommand), Object(Symfony\\Component\\Console\\Input\\ArgvInput), Object(Symfony\\Component\\Console\\Output\\ConsoleOutput))
#30 /Users/alimadhoun/Desktop/GraduationProject/backend/vendor/symfony/console/Application.php(193): Symfony\\Component\\Console\\Application->doRun(Object(Symfony\\Component\\Console\\Input\\ArgvInput), Object(Symfony\\Component\\Console\\Output\\ConsoleOutput))
#31 /Users/alimadhoun/Desktop/GraduationProject/backend/vendor/laravel/framework/src/Illuminate/Foundation/Console/Kernel.php(197): Symfony\\Component\\Console\\Application->run(Object(Symfony\\Component\\Console\\Input\\ArgvInput), Object(Symfony\\Component\\Console\\Output\\ConsoleOutput))
#32 /Users/alimadhoun/Desktop/GraduationProject/backend/vendor/laravel/framework/src/Illuminate/Foundation/Application.php(1234): Illuminate\\Foundation\\Console\\Kernel->handle(Object(Symfony\\Component\\Console\\Input\\ArgvInput), Object(Symfony\\Component\\Console\\Output\\ConsoleOutput))
#33 /Users/alimadhoun/Desktop/GraduationProject/backend/artisan(16): Illuminate\\Foundation\\Application->handleCommand(Object(Symfony\\Component\\Console\\Input\\ArgvInput))
#34 {main}

[previous exception] [object] (PDOException(code: HY000): SQLSTATE[HY000]: General error: 1005 Can't create table `bizadvisor`.`feedback_aspect_ratings` (errno: 150 \"Foreign key constraint is incorrectly formed\") at /Users/alimadhoun/Desktop/GraduationProject/backend/vendor/laravel/framework/src/Illuminate/Database/Connection.php:568)
[stacktrace]
#0 /Users/alimadhoun/Desktop/GraduationProject/backend/vendor/laravel/framework/src/Illuminate/Database/Connection.php(568): PDOStatement->execute()
#1 /Users/alimadhoun/Desktop/GraduationProject/backend/vendor/laravel/framework/src/Illuminate/Database/Connection.php(809): Illuminate\\Database\\Connection->{closure:Illuminate\\Database\\Connection::statement():557}('alter table `fe...', Array)
#2 /Users/alimadhoun/Desktop/GraduationProject/backend/vendor/laravel/framework/src/Illuminate/Database/Connection.php(776): Illuminate\\Database\\Connection->runQueryCallback('alter table `fe...', Array, Object(Closure))
#3 /Users/alimadhoun/Desktop/GraduationProject/backend/vendor/laravel/framework/src/Illuminate/Database/Connection.php(557): Illuminate\\Database\\Connection->run('alter table `fe...', Array, Object(Closure))
#4 /Users/alimadhoun/Desktop/GraduationProject/backend/vendor/laravel/framework/src/Illuminate/Database/Schema/Blueprint.php(119): Illuminate\\Database\\Connection->statement('alter table `fe...')
#5 /Users/alimadhoun/Desktop/GraduationProject/backend/vendor/laravel/framework/src/Illuminate/Database/Schema/Builder.php(618): Illuminate\\Database\\Schema\\Blueprint->build()
#6 /Users/alimadhoun/Desktop/GraduationProject/backend/vendor/laravel/framework/src/Illuminate/Database/Schema/Builder.php(472): Illuminate\\Database\\Schema\\Builder->build(Object(Illuminate\\Database\\Schema\\Blueprint))
#7 /Users/alimadhoun/Desktop/GraduationProject/backend/vendor/laravel/framework/src/Illuminate/Support/Facades/Facade.php(361): Illuminate\\Database\\Schema\\Builder->create('feedback_aspect...', Object(Closure))
#8 /Users/alimadhoun/Desktop/GraduationProject/backend/database/migrations/2024_06_01_000000_create_feedback_aspect_ratings_table.php(14): Illuminate\\Support\\Facades\\Facade::__callStatic('create', Array)
#9 /Users/alimadhoun/Desktop/GraduationProject/backend/vendor/laravel/framework/src/Illuminate/Database/Migrations/Migrator.php(514): Illuminate\\Database\\Migrations\\Migration@anonymous->up()
#10 /Users/alimadhoun/Desktop/GraduationProject/backend/vendor/laravel/framework/src/Illuminate/Database/Migrations/Migrator.php(439): Illuminate\\Database\\Migrations\\Migrator->runMethod(Object(Illuminate\\Database\\MySqlConnection), Object(Illuminate\\Database\\Migrations\\Migration@anonymous), 'up')
#11 /Users/alimadhoun/Desktop/GraduationProject/backend/vendor/laravel/framework/src/Illuminate/Database/Migrations/Migrator.php(448): Illuminate\\Database\\Migrations\\Migrator->{closure:Illuminate\\Database\\Migrations\\Migrator::runMigration():435}()
#12 /Users/alimadhoun/Desktop/GraduationProject/backend/vendor/laravel/framework/src/Illuminate/Database/Migrations/Migrator.php(250): Illuminate\\Database\\Migrations\\Migrator->runMigration(Object(Illuminate\\Database\\Migrations\\Migration@anonymous), 'up')
#13 /Users/alimadhoun/Desktop/GraduationProject/backend/vendor/laravel/framework/src/Illuminate/Console/View/Components/Task.php(41): Illuminate\\Database\\Migrations\\Migrator->{closure:Illuminate\\Database\\Migrations\\Migrator::runUp():250}()
#14 /Users/alimadhoun/Desktop/GraduationProject/backend/vendor/laravel/framework/src/Illuminate/Database/Migrations/Migrator.php(805): Illuminate\\Console\\View\\Components\\Task->render('2024_06_01_0000...', Object(Closure))
#15 /Users/alimadhoun/Desktop/GraduationProject/backend/vendor/laravel/framework/src/Illuminate/Database/Migrations/Migrator.php(250): Illuminate\\Database\\Migrations\\Migrator->write('Illuminate\\\\Cons...', '2024_06_01_0000...', Object(Closure))
#16 /Users/alimadhoun/Desktop/GraduationProject/backend/vendor/laravel/framework/src/Illuminate/Database/Migrations/Migrator.php(210): Illuminate\\Database\\Migrations\\Migrator->runUp('/Users/alimadho...', 5, false)
#17 /Users/alimadhoun/Desktop/GraduationProject/backend/vendor/laravel/framework/src/Illuminate/Database/Migrations/Migrator.php(137): Illuminate\\Database\\Migrations\\Migrator->runPending(Array, Array)
#18 /Users/alimadhoun/Desktop/GraduationProject/backend/vendor/laravel/framework/src/Illuminate/Database/Console/Migrations/MigrateCommand.php(116): Illuminate\\Database\\Migrations\\Migrator->run(Array, Array)
#19 /Users/alimadhoun/Desktop/GraduationProject/backend/vendor/laravel/framework/src/Illuminate/Database/Migrations/Migrator.php(665): Illuminate\\Database\\Console\\Migrations\\MigrateCommand->{closure:Illuminate\\Database\\Console\\Migrations\\MigrateCommand::runMigrations():109}()
#20 /Users/alimadhoun/Desktop/GraduationProject/backend/vendor/laravel/framework/src/Illuminate/Database/Console/Migrations/MigrateCommand.php(109): Illuminate\\Database\\Migrations\\Migrator->usingConnection(NULL, Object(Closure))
#21 /Users/alimadhoun/Desktop/GraduationProject/backend/vendor/laravel/framework/src/Illuminate/Database/Console/Migrations/MigrateCommand.php(88): Illuminate\\Database\\Console\\Migrations\\MigrateCommand->runMigrations()
#22 /Users/alimadhoun/Desktop/GraduationProject/backend/vendor/laravel/framework/src/Illuminate/Container/BoundMethod.php(36): Illuminate\\Database\\Console\\Migrations\\MigrateCommand->handle()
#23 /Users/alimadhoun/Desktop/GraduationProject/backend/vendor/laravel/framework/src/Illuminate/Container/Util.php(43): Illuminate\\Container\\BoundMethod::{closure:Illuminate\\Container\\BoundMethod::call():35}()
#24 /Users/alimadhoun/Desktop/GraduationProject/backend/vendor/laravel/framework/src/Illuminate/Container/BoundMethod.php(96): Illuminate\\Container\\Util::unwrapIfClosure(Object(Closure))
#25 /Users/alimadhoun/Desktop/GraduationProject/backend/vendor/laravel/framework/src/Illuminate/Container/BoundMethod.php(35): Illuminate\\Container\\BoundMethod::callBoundMethod(Object(Illuminate\\Foundation\\Application), Array, Object(Closure))
#26 /Users/alimadhoun/Desktop/GraduationProject/backend/vendor/laravel/framework/src/Illuminate/Container/Container.php(754): Illuminate\\Container\\BoundMethod::call(Object(Illuminate\\Foundation\\Application), Array, Array, NULL)
#27 /Users/alimadhoun/Desktop/GraduationProject/backend/vendor/laravel/framework/src/Illuminate/Console/Command.php(211): Illuminate\\Container\\Container->call(Array)
#28 /Users/alimadhoun/Desktop/GraduationProject/backend/vendor/symfony/console/Command/Command.php(279): Illuminate\\Console\\Command->execute(Object(Symfony\\Component\\Console\\Input\\ArgvInput), Object(Illuminate\\Console\\OutputStyle))
#29 /Users/alimadhoun/Desktop/GraduationProject/backend/vendor/laravel/framework/src/Illuminate/Console/Command.php(180): Symfony\\Component\\Console\\Command\\Command->run(Object(Symfony\\Component\\Console\\Input\\ArgvInput), Object(Illuminate\\Console\\OutputStyle))
#30 /Users/alimadhoun/Desktop/GraduationProject/backend/vendor/symfony/console/Application.php(1094): Illuminate\\Console\\Command->run(Object(Symfony\\Component\\Console\\Input\\ArgvInput), Object(Symfony\\Component\\Console\\Output\\ConsoleOutput))
#31 /Users/alimadhoun/Desktop/GraduationProject/backend/vendor/symfony/console/Application.php(342): Symfony\\Component\\Console\\Application->doRunCommand(Object(Illuminate\\Database\\Console\\Migrations\\MigrateCommand), Object(Symfony\\Component\\Console\\Input\\ArgvInput), Object(Symfony\\Component\\Console\\Output\\ConsoleOutput))
#32 /Users/alimadhoun/Desktop/GraduationProject/backend/vendor/symfony/console/Application.php(193): Symfony\\Component\\Console\\Application->doRun(Object(Symfony\\Component\\Console\\Input\\ArgvInput), Object(Symfony\\Component\\Console\\Output\\ConsoleOutput))
#33 /Users/alimadhoun/Desktop/GraduationProject/backend/vendor/laravel/framework/src/Illuminate/Foundation/Console/Kernel.php(197): Symfony\\Component\\Console\\Application->run(Object(Symfony\\Component\\Console\\Input\\ArgvInput), Object(Symfony\\Component\\Console\\Output\\ConsoleOutput))
#34 /Users/alimadhoun/Desktop/GraduationProject/backend/vendor/laravel/framework/src/Illuminate/Foundation/Application.php(1234): Illuminate\\Foundation\\Console\\Kernel->handle(Object(Symfony\\Component\\Console\\Input\\ArgvInput), Object(Symfony\\Component\\Console\\Output\\ConsoleOutput))
#35 /Users/alimadhoun/Desktop/GraduationProject/backend/artisan(16): Illuminate\\Foundation\\Application->handleCommand(Object(Symfony\\Component\\Console\\Input\\ArgvInput))
#36 {main}
"} 
[2025-05-03 11:59:50] local.ERROR: SQLSTATE[42S01]: Base table or view already exists: 1050 Table 'feedback_aspect_ratings' already exists (Connection: mysql, SQL: create table `feedback_aspect_ratings` (`id` bigint unsigned not null auto_increment primary key, `feedback_id` bigint unsigned not null, `aspect_id` bigint unsigned not null, `rating` int not null comment 'Rating value from 1 to 5', `created_at` timestamp null, `updated_at` timestamp null) default character set utf8mb4 collate 'utf8mb4_unicode_ci') {"exception":"[object] (Illuminate\\Database\\QueryException(code: 42S01): SQLSTATE[42S01]: Base table or view already exists: 1050 Table 'feedback_aspect_ratings' already exists (Connection: mysql, SQL: create table `feedback_aspect_ratings` (`id` bigint unsigned not null auto_increment primary key, `feedback_id` bigint unsigned not null, `aspect_id` bigint unsigned not null, `rating` int not null comment 'Rating value from 1 to 5', `created_at` timestamp null, `updated_at` timestamp null) default character set utf8mb4 collate 'utf8mb4_unicode_ci') at /Users/alimadhoun/Desktop/GraduationProject/backend/vendor/laravel/framework/src/Illuminate/Database/Connection.php:822)
[stacktrace]
#0 /Users/alimadhoun/Desktop/GraduationProject/backend/vendor/laravel/framework/src/Illuminate/Database/Connection.php(776): Illuminate\\Database\\Connection->runQueryCallback('create table `f...', Array, Object(Closure))
#1 /Users/alimadhoun/Desktop/GraduationProject/backend/vendor/laravel/framework/src/Illuminate/Database/Connection.php(557): Illuminate\\Database\\Connection->run('create table `f...', Array, Object(Closure))
#2 /Users/alimadhoun/Desktop/GraduationProject/backend/vendor/laravel/framework/src/Illuminate/Database/Schema/Blueprint.php(119): Illuminate\\Database\\Connection->statement('create table `f...')
#3 /Users/alimadhoun/Desktop/GraduationProject/backend/vendor/laravel/framework/src/Illuminate/Database/Schema/Builder.php(618): Illuminate\\Database\\Schema\\Blueprint->build()
#4 /Users/alimadhoun/Desktop/GraduationProject/backend/vendor/laravel/framework/src/Illuminate/Database/Schema/Builder.php(472): Illuminate\\Database\\Schema\\Builder->build(Object(Illuminate\\Database\\Schema\\Blueprint))
#5 /Users/alimadhoun/Desktop/GraduationProject/backend/vendor/laravel/framework/src/Illuminate/Support/Facades/Facade.php(361): Illuminate\\Database\\Schema\\Builder->create('feedback_aspect...', Object(Closure))
#6 /Users/alimadhoun/Desktop/GraduationProject/backend/database/migrations/2024_06_01_000000_create_feedback_aspect_ratings_table.php(14): Illuminate\\Support\\Facades\\Facade::__callStatic('create', Array)
#7 /Users/alimadhoun/Desktop/GraduationProject/backend/vendor/laravel/framework/src/Illuminate/Database/Migrations/Migrator.php(514): Illuminate\\Database\\Migrations\\Migration@anonymous->up()
#8 /Users/alimadhoun/Desktop/GraduationProject/backend/vendor/laravel/framework/src/Illuminate/Database/Migrations/Migrator.php(439): Illuminate\\Database\\Migrations\\Migrator->runMethod(Object(Illuminate\\Database\\MySqlConnection), Object(Illuminate\\Database\\Migrations\\Migration@anonymous), 'up')
#9 /Users/alimadhoun/Desktop/GraduationProject/backend/vendor/laravel/framework/src/Illuminate/Database/Migrations/Migrator.php(448): Illuminate\\Database\\Migrations\\Migrator->{closure:Illuminate\\Database\\Migrations\\Migrator::runMigration():435}()
#10 /Users/alimadhoun/Desktop/GraduationProject/backend/vendor/laravel/framework/src/Illuminate/Database/Migrations/Migrator.php(250): Illuminate\\Database\\Migrations\\Migrator->runMigration(Object(Illuminate\\Database\\Migrations\\Migration@anonymous), 'up')
#11 /Users/alimadhoun/Desktop/GraduationProject/backend/vendor/laravel/framework/src/Illuminate/Console/View/Components/Task.php(41): Illuminate\\Database\\Migrations\\Migrator->{closure:Illuminate\\Database\\Migrations\\Migrator::runUp():250}()
#12 /Users/alimadhoun/Desktop/GraduationProject/backend/vendor/laravel/framework/src/Illuminate/Database/Migrations/Migrator.php(805): Illuminate\\Console\\View\\Components\\Task->render('2024_06_01_0000...', Object(Closure))
#13 /Users/alimadhoun/Desktop/GraduationProject/backend/vendor/laravel/framework/src/Illuminate/Database/Migrations/Migrator.php(250): Illuminate\\Database\\Migrations\\Migrator->write('Illuminate\\\\Cons...', '2024_06_01_0000...', Object(Closure))
#14 /Users/alimadhoun/Desktop/GraduationProject/backend/vendor/laravel/framework/src/Illuminate/Database/Migrations/Migrator.php(210): Illuminate\\Database\\Migrations\\Migrator->runUp('/Users/alimadho...', 5, false)
#15 /Users/alimadhoun/Desktop/GraduationProject/backend/vendor/laravel/framework/src/Illuminate/Database/Migrations/Migrator.php(137): Illuminate\\Database\\Migrations\\Migrator->runPending(Array, Array)
#16 /Users/alimadhoun/Desktop/GraduationProject/backend/vendor/laravel/framework/src/Illuminate/Database/Console/Migrations/MigrateCommand.php(116): Illuminate\\Database\\Migrations\\Migrator->run(Array, Array)
#17 /Users/alimadhoun/Desktop/GraduationProject/backend/vendor/laravel/framework/src/Illuminate/Database/Migrations/Migrator.php(665): Illuminate\\Database\\Console\\Migrations\\MigrateCommand->{closure:Illuminate\\Database\\Console\\Migrations\\MigrateCommand::runMigrations():109}()
#18 /Users/alimadhoun/Desktop/GraduationProject/backend/vendor/laravel/framework/src/Illuminate/Database/Console/Migrations/MigrateCommand.php(109): Illuminate\\Database\\Migrations\\Migrator->usingConnection(NULL, Object(Closure))
#19 /Users/alimadhoun/Desktop/GraduationProject/backend/vendor/laravel/framework/src/Illuminate/Database/Console/Migrations/MigrateCommand.php(88): Illuminate\\Database\\Console\\Migrations\\MigrateCommand->runMigrations()
#20 /Users/alimadhoun/Desktop/GraduationProject/backend/vendor/laravel/framework/src/Illuminate/Container/BoundMethod.php(36): Illuminate\\Database\\Console\\Migrations\\MigrateCommand->handle()
#21 /Users/alimadhoun/Desktop/GraduationProject/backend/vendor/laravel/framework/src/Illuminate/Container/Util.php(43): Illuminate\\Container\\BoundMethod::{closure:Illuminate\\Container\\BoundMethod::call():35}()
#22 /Users/alimadhoun/Desktop/GraduationProject/backend/vendor/laravel/framework/src/Illuminate/Container/BoundMethod.php(96): Illuminate\\Container\\Util::unwrapIfClosure(Object(Closure))
#23 /Users/alimadhoun/Desktop/GraduationProject/backend/vendor/laravel/framework/src/Illuminate/Container/BoundMethod.php(35): Illuminate\\Container\\BoundMethod::callBoundMethod(Object(Illuminate\\Foundation\\Application), Array, Object(Closure))
#24 /Users/alimadhoun/Desktop/GraduationProject/backend/vendor/laravel/framework/src/Illuminate/Container/Container.php(754): Illuminate\\Container\\BoundMethod::call(Object(Illuminate\\Foundation\\Application), Array, Array, NULL)
#25 /Users/alimadhoun/Desktop/GraduationProject/backend/vendor/laravel/framework/src/Illuminate/Console/Command.php(211): Illuminate\\Container\\Container->call(Array)
#26 /Users/alimadhoun/Desktop/GraduationProject/backend/vendor/symfony/console/Command/Command.php(279): Illuminate\\Console\\Command->execute(Object(Symfony\\Component\\Console\\Input\\ArgvInput), Object(Illuminate\\Console\\OutputStyle))
#27 /Users/alimadhoun/Desktop/GraduationProject/backend/vendor/laravel/framework/src/Illuminate/Console/Command.php(180): Symfony\\Component\\Console\\Command\\Command->run(Object(Symfony\\Component\\Console\\Input\\ArgvInput), Object(Illuminate\\Console\\OutputStyle))
#28 /Users/alimadhoun/Desktop/GraduationProject/backend/vendor/symfony/console/Application.php(1094): Illuminate\\Console\\Command->run(Object(Symfony\\Component\\Console\\Input\\ArgvInput), Object(Symfony\\Component\\Console\\Output\\ConsoleOutput))
#29 /Users/alimadhoun/Desktop/GraduationProject/backend/vendor/symfony/console/Application.php(342): Symfony\\Component\\Console\\Application->doRunCommand(Object(Illuminate\\Database\\Console\\Migrations\\MigrateCommand), Object(Symfony\\Component\\Console\\Input\\ArgvInput), Object(Symfony\\Component\\Console\\Output\\ConsoleOutput))
#30 /Users/alimadhoun/Desktop/GraduationProject/backend/vendor/symfony/console/Application.php(193): Symfony\\Component\\Console\\Application->doRun(Object(Symfony\\Component\\Console\\Input\\ArgvInput), Object(Symfony\\Component\\Console\\Output\\ConsoleOutput))
#31 /Users/alimadhoun/Desktop/GraduationProject/backend/vendor/laravel/framework/src/Illuminate/Foundation/Console/Kernel.php(197): Symfony\\Component\\Console\\Application->run(Object(Symfony\\Component\\Console\\Input\\ArgvInput), Object(Symfony\\Component\\Console\\Output\\ConsoleOutput))
#32 /Users/alimadhoun/Desktop/GraduationProject/backend/vendor/laravel/framework/src/Illuminate/Foundation/Application.php(1234): Illuminate\\Foundation\\Console\\Kernel->handle(Object(Symfony\\Component\\Console\\Input\\ArgvInput), Object(Symfony\\Component\\Console\\Output\\ConsoleOutput))
#33 /Users/alimadhoun/Desktop/GraduationProject/backend/artisan(16): Illuminate\\Foundation\\Application->handleCommand(Object(Symfony\\Component\\Console\\Input\\ArgvInput))
#34 {main}

[previous exception] [object] (PDOException(code: 42S01): SQLSTATE[42S01]: Base table or view already exists: 1050 Table 'feedback_aspect_ratings' already exists at /Users/alimadhoun/Desktop/GraduationProject/backend/vendor/laravel/framework/src/Illuminate/Database/Connection.php:568)
[stacktrace]
#0 /Users/alimadhoun/Desktop/GraduationProject/backend/vendor/laravel/framework/src/Illuminate/Database/Connection.php(568): PDOStatement->execute()
#1 /Users/alimadhoun/Desktop/GraduationProject/backend/vendor/laravel/framework/src/Illuminate/Database/Connection.php(809): Illuminate\\Database\\Connection->{closure:Illuminate\\Database\\Connection::statement():557}('create table `f...', Array)
#2 /Users/alimadhoun/Desktop/GraduationProject/backend/vendor/laravel/framework/src/Illuminate/Database/Connection.php(776): Illuminate\\Database\\Connection->runQueryCallback('create table `f...', Array, Object(Closure))
#3 /Users/alimadhoun/Desktop/GraduationProject/backend/vendor/laravel/framework/src/Illuminate/Database/Connection.php(557): Illuminate\\Database\\Connection->run('create table `f...', Array, Object(Closure))
#4 /Users/alimadhoun/Desktop/GraduationProject/backend/vendor/laravel/framework/src/Illuminate/Database/Schema/Blueprint.php(119): Illuminate\\Database\\Connection->statement('create table `f...')
#5 /Users/alimadhoun/Desktop/GraduationProject/backend/vendor/laravel/framework/src/Illuminate/Database/Schema/Builder.php(618): Illuminate\\Database\\Schema\\Blueprint->build()
#6 /Users/alimadhoun/Desktop/GraduationProject/backend/vendor/laravel/framework/src/Illuminate/Database/Schema/Builder.php(472): Illuminate\\Database\\Schema\\Builder->build(Object(Illuminate\\Database\\Schema\\Blueprint))
#7 /Users/alimadhoun/Desktop/GraduationProject/backend/vendor/laravel/framework/src/Illuminate/Support/Facades/Facade.php(361): Illuminate\\Database\\Schema\\Builder->create('feedback_aspect...', Object(Closure))
#8 /Users/alimadhoun/Desktop/GraduationProject/backend/database/migrations/2024_06_01_000000_create_feedback_aspect_ratings_table.php(14): Illuminate\\Support\\Facades\\Facade::__callStatic('create', Array)
#9 /Users/alimadhoun/Desktop/GraduationProject/backend/vendor/laravel/framework/src/Illuminate/Database/Migrations/Migrator.php(514): Illuminate\\Database\\Migrations\\Migration@anonymous->up()
#10 /Users/alimadhoun/Desktop/GraduationProject/backend/vendor/laravel/framework/src/Illuminate/Database/Migrations/Migrator.php(439): Illuminate\\Database\\Migrations\\Migrator->runMethod(Object(Illuminate\\Database\\MySqlConnection), Object(Illuminate\\Database\\Migrations\\Migration@anonymous), 'up')
#11 /Users/alimadhoun/Desktop/GraduationProject/backend/vendor/laravel/framework/src/Illuminate/Database/Migrations/Migrator.php(448): Illuminate\\Database\\Migrations\\Migrator->{closure:Illuminate\\Database\\Migrations\\Migrator::runMigration():435}()
#12 /Users/alimadhoun/Desktop/GraduationProject/backend/vendor/laravel/framework/src/Illuminate/Database/Migrations/Migrator.php(250): Illuminate\\Database\\Migrations\\Migrator->runMigration(Object(Illuminate\\Database\\Migrations\\Migration@anonymous), 'up')
#13 /Users/alimadhoun/Desktop/GraduationProject/backend/vendor/laravel/framework/src/Illuminate/Console/View/Components/Task.php(41): Illuminate\\Database\\Migrations\\Migrator->{closure:Illuminate\\Database\\Migrations\\Migrator::runUp():250}()
#14 /Users/alimadhoun/Desktop/GraduationProject/backend/vendor/laravel/framework/src/Illuminate/Database/Migrations/Migrator.php(805): Illuminate\\Console\\View\\Components\\Task->render('2024_06_01_0000...', Object(Closure))
#15 /Users/alimadhoun/Desktop/GraduationProject/backend/vendor/laravel/framework/src/Illuminate/Database/Migrations/Migrator.php(250): Illuminate\\Database\\Migrations\\Migrator->write('Illuminate\\\\Cons...', '2024_06_01_0000...', Object(Closure))
#16 /Users/alimadhoun/Desktop/GraduationProject/backend/vendor/laravel/framework/src/Illuminate/Database/Migrations/Migrator.php(210): Illuminate\\Database\\Migrations\\Migrator->runUp('/Users/alimadho...', 5, false)
#17 /Users/alimadhoun/Desktop/GraduationProject/backend/vendor/laravel/framework/src/Illuminate/Database/Migrations/Migrator.php(137): Illuminate\\Database\\Migrations\\Migrator->runPending(Array, Array)
#18 /Users/alimadhoun/Desktop/GraduationProject/backend/vendor/laravel/framework/src/Illuminate/Database/Console/Migrations/MigrateCommand.php(116): Illuminate\\Database\\Migrations\\Migrator->run(Array, Array)
#19 /Users/alimadhoun/Desktop/GraduationProject/backend/vendor/laravel/framework/src/Illuminate/Database/Migrations/Migrator.php(665): Illuminate\\Database\\Console\\Migrations\\MigrateCommand->{closure:Illuminate\\Database\\Console\\Migrations\\MigrateCommand::runMigrations():109}()
#20 /Users/alimadhoun/Desktop/GraduationProject/backend/vendor/laravel/framework/src/Illuminate/Database/Console/Migrations/MigrateCommand.php(109): Illuminate\\Database\\Migrations\\Migrator->usingConnection(NULL, Object(Closure))
#21 /Users/alimadhoun/Desktop/GraduationProject/backend/vendor/laravel/framework/src/Illuminate/Database/Console/Migrations/MigrateCommand.php(88): Illuminate\\Database\\Console\\Migrations\\MigrateCommand->runMigrations()
#22 /Users/alimadhoun/Desktop/GraduationProject/backend/vendor/laravel/framework/src/Illuminate/Container/BoundMethod.php(36): Illuminate\\Database\\Console\\Migrations\\MigrateCommand->handle()
#23 /Users/alimadhoun/Desktop/GraduationProject/backend/vendor/laravel/framework/src/Illuminate/Container/Util.php(43): Illuminate\\Container\\BoundMethod::{closure:Illuminate\\Container\\BoundMethod::call():35}()
#24 /Users/alimadhoun/Desktop/GraduationProject/backend/vendor/laravel/framework/src/Illuminate/Container/BoundMethod.php(96): Illuminate\\Container\\Util::unwrapIfClosure(Object(Closure))
#25 /Users/alimadhoun/Desktop/GraduationProject/backend/vendor/laravel/framework/src/Illuminate/Container/BoundMethod.php(35): Illuminate\\Container\\BoundMethod::callBoundMethod(Object(Illuminate\\Foundation\\Application), Array, Object(Closure))
#26 /Users/alimadhoun/Desktop/GraduationProject/backend/vendor/laravel/framework/src/Illuminate/Container/Container.php(754): Illuminate\\Container\\BoundMethod::call(Object(Illuminate\\Foundation\\Application), Array, Array, NULL)
#27 /Users/alimadhoun/Desktop/GraduationProject/backend/vendor/laravel/framework/src/Illuminate/Console/Command.php(211): Illuminate\\Container\\Container->call(Array)
#28 /Users/alimadhoun/Desktop/GraduationProject/backend/vendor/symfony/console/Command/Command.php(279): Illuminate\\Console\\Command->execute(Object(Symfony\\Component\\Console\\Input\\ArgvInput), Object(Illuminate\\Console\\OutputStyle))
#29 /Users/alimadhoun/Desktop/GraduationProject/backend/vendor/laravel/framework/src/Illuminate/Console/Command.php(180): Symfony\\Component\\Console\\Command\\Command->run(Object(Symfony\\Component\\Console\\Input\\ArgvInput), Object(Illuminate\\Console\\OutputStyle))
#30 /Users/alimadhoun/Desktop/GraduationProject/backend/vendor/symfony/console/Application.php(1094): Illuminate\\Console\\Command->run(Object(Symfony\\Component\\Console\\Input\\ArgvInput), Object(Symfony\\Component\\Console\\Output\\ConsoleOutput))
#31 /Users/alimadhoun/Desktop/GraduationProject/backend/vendor/symfony/console/Application.php(342): Symfony\\Component\\Console\\Application->doRunCommand(Object(Illuminate\\Database\\Console\\Migrations\\MigrateCommand), Object(Symfony\\Component\\Console\\Input\\ArgvInput), Object(Symfony\\Component\\Console\\Output\\ConsoleOutput))
#32 /Users/alimadhoun/Desktop/GraduationProject/backend/vendor/symfony/console/Application.php(193): Symfony\\Component\\Console\\Application->doRun(Object(Symfony\\Component\\Console\\Input\\ArgvInput), Object(Symfony\\Component\\Console\\Output\\ConsoleOutput))
#33 /Users/alimadhoun/Desktop/GraduationProject/backend/vendor/laravel/framework/src/Illuminate/Foundation/Console/Kernel.php(197): Symfony\\Component\\Console\\Application->run(Object(Symfony\\Component\\Console\\Input\\ArgvInput), Object(Symfony\\Component\\Console\\Output\\ConsoleOutput))
#34 /Users/alimadhoun/Desktop/GraduationProject/backend/vendor/laravel/framework/src/Illuminate/Foundation/Application.php(1234): Illuminate\\Foundation\\Console\\Kernel->handle(Object(Symfony\\Component\\Console\\Input\\ArgvInput), Object(Symfony\\Component\\Console\\Output\\ConsoleOutput))
#35 /Users/alimadhoun/Desktop/GraduationProject/backend/artisan(16): Illuminate\\Foundation\\Application->handleCommand(Object(Symfony\\Component\\Console\\Input\\ArgvInput))
#36 {main}
"} 
[2025-05-03 11:59:57] local.ERROR: SQLSTATE[42S01]: Base table or view already exists: 1050 Table 'feedback_aspect_ratings' already exists (Connection: mysql, SQL: create table `feedback_aspect_ratings` (`id` bigint unsigned not null auto_increment primary key, `feedback_id` bigint unsigned not null, `aspect_id` bigint unsigned not null, `rating` int not null comment 'Rating value from 1 to 5', `created_at` timestamp null, `updated_at` timestamp null) default character set utf8mb4 collate 'utf8mb4_unicode_ci') {"exception":"[object] (Illuminate\\Database\\QueryException(code: 42S01): SQLSTATE[42S01]: Base table or view already exists: 1050 Table 'feedback_aspect_ratings' already exists (Connection: mysql, SQL: create table `feedback_aspect_ratings` (`id` bigint unsigned not null auto_increment primary key, `feedback_id` bigint unsigned not null, `aspect_id` bigint unsigned not null, `rating` int not null comment 'Rating value from 1 to 5', `created_at` timestamp null, `updated_at` timestamp null) default character set utf8mb4 collate 'utf8mb4_unicode_ci') at /Users/alimadhoun/Desktop/GraduationProject/backend/vendor/laravel/framework/src/Illuminate/Database/Connection.php:822)
[stacktrace]
#0 /Users/alimadhoun/Desktop/GraduationProject/backend/vendor/laravel/framework/src/Illuminate/Database/Connection.php(776): Illuminate\\Database\\Connection->runQueryCallback('create table `f...', Array, Object(Closure))
#1 /Users/alimadhoun/Desktop/GraduationProject/backend/vendor/laravel/framework/src/Illuminate/Database/Connection.php(557): Illuminate\\Database\\Connection->run('create table `f...', Array, Object(Closure))
#2 /Users/alimadhoun/Desktop/GraduationProject/backend/vendor/laravel/framework/src/Illuminate/Database/Schema/Blueprint.php(119): Illuminate\\Database\\Connection->statement('create table `f...')
#3 /Users/alimadhoun/Desktop/GraduationProject/backend/vendor/laravel/framework/src/Illuminate/Database/Schema/Builder.php(618): Illuminate\\Database\\Schema\\Blueprint->build()
#4 /Users/alimadhoun/Desktop/GraduationProject/backend/vendor/laravel/framework/src/Illuminate/Database/Schema/Builder.php(472): Illuminate\\Database\\Schema\\Builder->build(Object(Illuminate\\Database\\Schema\\Blueprint))
#5 /Users/alimadhoun/Desktop/GraduationProject/backend/vendor/laravel/framework/src/Illuminate/Support/Facades/Facade.php(361): Illuminate\\Database\\Schema\\Builder->create('feedback_aspect...', Object(Closure))
#6 /Users/alimadhoun/Desktop/GraduationProject/backend/database/migrations/2024_06_01_000000_create_feedback_aspect_ratings_table.php(14): Illuminate\\Support\\Facades\\Facade::__callStatic('create', Array)
#7 /Users/alimadhoun/Desktop/GraduationProject/backend/vendor/laravel/framework/src/Illuminate/Database/Migrations/Migrator.php(514): Illuminate\\Database\\Migrations\\Migration@anonymous->up()
#8 /Users/alimadhoun/Desktop/GraduationProject/backend/vendor/laravel/framework/src/Illuminate/Database/Migrations/Migrator.php(439): Illuminate\\Database\\Migrations\\Migrator->runMethod(Object(Illuminate\\Database\\MySqlConnection), Object(Illuminate\\Database\\Migrations\\Migration@anonymous), 'up')
#9 /Users/alimadhoun/Desktop/GraduationProject/backend/vendor/laravel/framework/src/Illuminate/Database/Migrations/Migrator.php(448): Illuminate\\Database\\Migrations\\Migrator->{closure:Illuminate\\Database\\Migrations\\Migrator::runMigration():435}()
#10 /Users/alimadhoun/Desktop/GraduationProject/backend/vendor/laravel/framework/src/Illuminate/Database/Migrations/Migrator.php(250): Illuminate\\Database\\Migrations\\Migrator->runMigration(Object(Illuminate\\Database\\Migrations\\Migration@anonymous), 'up')
#11 /Users/alimadhoun/Desktop/GraduationProject/backend/vendor/laravel/framework/src/Illuminate/Console/View/Components/Task.php(41): Illuminate\\Database\\Migrations\\Migrator->{closure:Illuminate\\Database\\Migrations\\Migrator::runUp():250}()
#12 /Users/alimadhoun/Desktop/GraduationProject/backend/vendor/laravel/framework/src/Illuminate/Database/Migrations/Migrator.php(805): Illuminate\\Console\\View\\Components\\Task->render('2024_06_01_0000...', Object(Closure))
#13 /Users/alimadhoun/Desktop/GraduationProject/backend/vendor/laravel/framework/src/Illuminate/Database/Migrations/Migrator.php(250): Illuminate\\Database\\Migrations\\Migrator->write('Illuminate\\\\Cons...', '2024_06_01_0000...', Object(Closure))
#14 /Users/alimadhoun/Desktop/GraduationProject/backend/vendor/laravel/framework/src/Illuminate/Database/Migrations/Migrator.php(210): Illuminate\\Database\\Migrations\\Migrator->runUp('/Users/alimadho...', 5, false)
#15 /Users/alimadhoun/Desktop/GraduationProject/backend/vendor/laravel/framework/src/Illuminate/Database/Migrations/Migrator.php(137): Illuminate\\Database\\Migrations\\Migrator->runPending(Array, Array)
#16 /Users/alimadhoun/Desktop/GraduationProject/backend/vendor/laravel/framework/src/Illuminate/Database/Console/Migrations/MigrateCommand.php(116): Illuminate\\Database\\Migrations\\Migrator->run(Array, Array)
#17 /Users/alimadhoun/Desktop/GraduationProject/backend/vendor/laravel/framework/src/Illuminate/Database/Migrations/Migrator.php(665): Illuminate\\Database\\Console\\Migrations\\MigrateCommand->{closure:Illuminate\\Database\\Console\\Migrations\\MigrateCommand::runMigrations():109}()
#18 /Users/alimadhoun/Desktop/GraduationProject/backend/vendor/laravel/framework/src/Illuminate/Database/Console/Migrations/MigrateCommand.php(109): Illuminate\\Database\\Migrations\\Migrator->usingConnection(NULL, Object(Closure))
#19 /Users/alimadhoun/Desktop/GraduationProject/backend/vendor/laravel/framework/src/Illuminate/Database/Console/Migrations/MigrateCommand.php(88): Illuminate\\Database\\Console\\Migrations\\MigrateCommand->runMigrations()
#20 /Users/alimadhoun/Desktop/GraduationProject/backend/vendor/laravel/framework/src/Illuminate/Container/BoundMethod.php(36): Illuminate\\Database\\Console\\Migrations\\MigrateCommand->handle()
#21 /Users/alimadhoun/Desktop/GraduationProject/backend/vendor/laravel/framework/src/Illuminate/Container/Util.php(43): Illuminate\\Container\\BoundMethod::{closure:Illuminate\\Container\\BoundMethod::call():35}()
#22 /Users/alimadhoun/Desktop/GraduationProject/backend/vendor/laravel/framework/src/Illuminate/Container/BoundMethod.php(96): Illuminate\\Container\\Util::unwrapIfClosure(Object(Closure))
#23 /Users/alimadhoun/Desktop/GraduationProject/backend/vendor/laravel/framework/src/Illuminate/Container/BoundMethod.php(35): Illuminate\\Container\\BoundMethod::callBoundMethod(Object(Illuminate\\Foundation\\Application), Array, Object(Closure))
#24 /Users/alimadhoun/Desktop/GraduationProject/backend/vendor/laravel/framework/src/Illuminate/Container/Container.php(754): Illuminate\\Container\\BoundMethod::call(Object(Illuminate\\Foundation\\Application), Array, Array, NULL)
#25 /Users/alimadhoun/Desktop/GraduationProject/backend/vendor/laravel/framework/src/Illuminate/Console/Command.php(211): Illuminate\\Container\\Container->call(Array)
#26 /Users/alimadhoun/Desktop/GraduationProject/backend/vendor/symfony/console/Command/Command.php(279): Illuminate\\Console\\Command->execute(Object(Symfony\\Component\\Console\\Input\\ArrayInput), Object(Illuminate\\Console\\OutputStyle))
#27 /Users/alimadhoun/Desktop/GraduationProject/backend/vendor/laravel/framework/src/Illuminate/Console/Command.php(180): Symfony\\Component\\Console\\Command\\Command->run(Object(Symfony\\Component\\Console\\Input\\ArrayInput), Object(Illuminate\\Console\\OutputStyle))
#28 /Users/alimadhoun/Desktop/GraduationProject/backend/vendor/laravel/framework/src/Illuminate/Console/Concerns/CallsCommands.php(68): Illuminate\\Console\\Command->run(Object(Symfony\\Component\\Console\\Input\\ArrayInput), Object(Illuminate\\Console\\OutputStyle))
#29 /Users/alimadhoun/Desktop/GraduationProject/backend/vendor/laravel/framework/src/Illuminate/Console/Concerns/CallsCommands.php(29): Illuminate\\Console\\Command->runCommand('migrate', Array, Object(Illuminate\\Console\\OutputStyle))
#30 /Users/alimadhoun/Desktop/GraduationProject/backend/vendor/laravel/framework/src/Illuminate/Database/Console/Migrations/RefreshCommand.php(65): Illuminate\\Console\\Command->call('migrate', Array)
#31 /Users/alimadhoun/Desktop/GraduationProject/backend/vendor/laravel/framework/src/Illuminate/Container/BoundMethod.php(36): Illuminate\\Database\\Console\\Migrations\\RefreshCommand->handle()
#32 /Users/alimadhoun/Desktop/GraduationProject/backend/vendor/laravel/framework/src/Illuminate/Container/Util.php(43): Illuminate\\Container\\BoundMethod::{closure:Illuminate\\Container\\BoundMethod::call():35}()
#33 /Users/alimadhoun/Desktop/GraduationProject/backend/vendor/laravel/framework/src/Illuminate/Container/BoundMethod.php(96): Illuminate\\Container\\Util::unwrapIfClosure(Object(Closure))
#34 /Users/alimadhoun/Desktop/GraduationProject/backend/vendor/laravel/framework/src/Illuminate/Container/BoundMethod.php(35): Illuminate\\Container\\BoundMethod::callBoundMethod(Object(Illuminate\\Foundation\\Application), Array, Object(Closure))
#35 /Users/alimadhoun/Desktop/GraduationProject/backend/vendor/laravel/framework/src/Illuminate/Container/Container.php(754): Illuminate\\Container\\BoundMethod::call(Object(Illuminate\\Foundation\\Application), Array, Array, NULL)
#36 /Users/alimadhoun/Desktop/GraduationProject/backend/vendor/laravel/framework/src/Illuminate/Console/Command.php(211): Illuminate\\Container\\Container->call(Array)
#37 /Users/alimadhoun/Desktop/GraduationProject/backend/vendor/symfony/console/Command/Command.php(279): Illuminate\\Console\\Command->execute(Object(Symfony\\Component\\Console\\Input\\ArgvInput), Object(Illuminate\\Console\\OutputStyle))
#38 /Users/alimadhoun/Desktop/GraduationProject/backend/vendor/laravel/framework/src/Illuminate/Console/Command.php(180): Symfony\\Component\\Console\\Command\\Command->run(Object(Symfony\\Component\\Console\\Input\\ArgvInput), Object(Illuminate\\Console\\OutputStyle))
#39 /Users/alimadhoun/Desktop/GraduationProject/backend/vendor/symfony/console/Application.php(1094): Illuminate\\Console\\Command->run(Object(Symfony\\Component\\Console\\Input\\ArgvInput), Object(Symfony\\Component\\Console\\Output\\ConsoleOutput))
#40 /Users/alimadhoun/Desktop/GraduationProject/backend/vendor/symfony/console/Application.php(342): Symfony\\Component\\Console\\Application->doRunCommand(Object(Illuminate\\Database\\Console\\Migrations\\RefreshCommand), Object(Symfony\\Component\\Console\\Input\\ArgvInput), Object(Symfony\\Component\\Console\\Output\\ConsoleOutput))
#41 /Users/alimadhoun/Desktop/GraduationProject/backend/vendor/symfony/console/Application.php(193): Symfony\\Component\\Console\\Application->doRun(Object(Symfony\\Component\\Console\\Input\\ArgvInput), Object(Symfony\\Component\\Console\\Output\\ConsoleOutput))
#42 /Users/alimadhoun/Desktop/GraduationProject/backend/vendor/laravel/framework/src/Illuminate/Foundation/Console/Kernel.php(197): Symfony\\Component\\Console\\Application->run(Object(Symfony\\Component\\Console\\Input\\ArgvInput), Object(Symfony\\Component\\Console\\Output\\ConsoleOutput))
#43 /Users/alimadhoun/Desktop/GraduationProject/backend/vendor/laravel/framework/src/Illuminate/Foundation/Application.php(1234): Illuminate\\Foundation\\Console\\Kernel->handle(Object(Symfony\\Component\\Console\\Input\\ArgvInput), Object(Symfony\\Component\\Console\\Output\\ConsoleOutput))
#44 /Users/alimadhoun/Desktop/GraduationProject/backend/artisan(16): Illuminate\\Foundation\\Application->handleCommand(Object(Symfony\\Component\\Console\\Input\\ArgvInput))
#45 {main}

[previous exception] [object] (PDOException(code: 42S01): SQLSTATE[42S01]: Base table or view already exists: 1050 Table 'feedback_aspect_ratings' already exists at /Users/alimadhoun/Desktop/GraduationProject/backend/vendor/laravel/framework/src/Illuminate/Database/Connection.php:568)
[stacktrace]
#0 /Users/alimadhoun/Desktop/GraduationProject/backend/vendor/laravel/framework/src/Illuminate/Database/Connection.php(568): PDOStatement->execute()
#1 /Users/alimadhoun/Desktop/GraduationProject/backend/vendor/laravel/framework/src/Illuminate/Database/Connection.php(809): Illuminate\\Database\\Connection->{closure:Illuminate\\Database\\Connection::statement():557}('create table `f...', Array)
#2 /Users/alimadhoun/Desktop/GraduationProject/backend/vendor/laravel/framework/src/Illuminate/Database/Connection.php(776): Illuminate\\Database\\Connection->runQueryCallback('create table `f...', Array, Object(Closure))
#3 /Users/alimadhoun/Desktop/GraduationProject/backend/vendor/laravel/framework/src/Illuminate/Database/Connection.php(557): Illuminate\\Database\\Connection->run('create table `f...', Array, Object(Closure))
#4 /Users/alimadhoun/Desktop/GraduationProject/backend/vendor/laravel/framework/src/Illuminate/Database/Schema/Blueprint.php(119): Illuminate\\Database\\Connection->statement('create table `f...')
#5 /Users/alimadhoun/Desktop/GraduationProject/backend/vendor/laravel/framework/src/Illuminate/Database/Schema/Builder.php(618): Illuminate\\Database\\Schema\\Blueprint->build()
#6 /Users/alimadhoun/Desktop/GraduationProject/backend/vendor/laravel/framework/src/Illuminate/Database/Schema/Builder.php(472): Illuminate\\Database\\Schema\\Builder->build(Object(Illuminate\\Database\\Schema\\Blueprint))
#7 /Users/alimadhoun/Desktop/GraduationProject/backend/vendor/laravel/framework/src/Illuminate/Support/Facades/Facade.php(361): Illuminate\\Database\\Schema\\Builder->create('feedback_aspect...', Object(Closure))
#8 /Users/alimadhoun/Desktop/GraduationProject/backend/database/migrations/2024_06_01_000000_create_feedback_aspect_ratings_table.php(14): Illuminate\\Support\\Facades\\Facade::__callStatic('create', Array)
#9 /Users/alimadhoun/Desktop/GraduationProject/backend/vendor/laravel/framework/src/Illuminate/Database/Migrations/Migrator.php(514): Illuminate\\Database\\Migrations\\Migration@anonymous->up()
#10 /Users/alimadhoun/Desktop/GraduationProject/backend/vendor/laravel/framework/src/Illuminate/Database/Migrations/Migrator.php(439): Illuminate\\Database\\Migrations\\Migrator->runMethod(Object(Illuminate\\Database\\MySqlConnection), Object(Illuminate\\Database\\Migrations\\Migration@anonymous), 'up')
#11 /Users/alimadhoun/Desktop/GraduationProject/backend/vendor/laravel/framework/src/Illuminate/Database/Migrations/Migrator.php(448): Illuminate\\Database\\Migrations\\Migrator->{closure:Illuminate\\Database\\Migrations\\Migrator::runMigration():435}()
#12 /Users/alimadhoun/Desktop/GraduationProject/backend/vendor/laravel/framework/src/Illuminate/Database/Migrations/Migrator.php(250): Illuminate\\Database\\Migrations\\Migrator->runMigration(Object(Illuminate\\Database\\Migrations\\Migration@anonymous), 'up')
#13 /Users/alimadhoun/Desktop/GraduationProject/backend/vendor/laravel/framework/src/Illuminate/Console/View/Components/Task.php(41): Illuminate\\Database\\Migrations\\Migrator->{closure:Illuminate\\Database\\Migrations\\Migrator::runUp():250}()
#14 /Users/alimadhoun/Desktop/GraduationProject/backend/vendor/laravel/framework/src/Illuminate/Database/Migrations/Migrator.php(805): Illuminate\\Console\\View\\Components\\Task->render('2024_06_01_0000...', Object(Closure))
#15 /Users/alimadhoun/Desktop/GraduationProject/backend/vendor/laravel/framework/src/Illuminate/Database/Migrations/Migrator.php(250): Illuminate\\Database\\Migrations\\Migrator->write('Illuminate\\\\Cons...', '2024_06_01_0000...', Object(Closure))
#16 /Users/alimadhoun/Desktop/GraduationProject/backend/vendor/laravel/framework/src/Illuminate/Database/Migrations/Migrator.php(210): Illuminate\\Database\\Migrations\\Migrator->runUp('/Users/alimadho...', 5, false)
#17 /Users/alimadhoun/Desktop/GraduationProject/backend/vendor/laravel/framework/src/Illuminate/Database/Migrations/Migrator.php(137): Illuminate\\Database\\Migrations\\Migrator->runPending(Array, Array)
#18 /Users/alimadhoun/Desktop/GraduationProject/backend/vendor/laravel/framework/src/Illuminate/Database/Console/Migrations/MigrateCommand.php(116): Illuminate\\Database\\Migrations\\Migrator->run(Array, Array)
#19 /Users/alimadhoun/Desktop/GraduationProject/backend/vendor/laravel/framework/src/Illuminate/Database/Migrations/Migrator.php(665): Illuminate\\Database\\Console\\Migrations\\MigrateCommand->{closure:Illuminate\\Database\\Console\\Migrations\\MigrateCommand::runMigrations():109}()
#20 /Users/alimadhoun/Desktop/GraduationProject/backend/vendor/laravel/framework/src/Illuminate/Database/Console/Migrations/MigrateCommand.php(109): Illuminate\\Database\\Migrations\\Migrator->usingConnection(NULL, Object(Closure))
#21 /Users/alimadhoun/Desktop/GraduationProject/backend/vendor/laravel/framework/src/Illuminate/Database/Console/Migrations/MigrateCommand.php(88): Illuminate\\Database\\Console\\Migrations\\MigrateCommand->runMigrations()
#22 /Users/alimadhoun/Desktop/GraduationProject/backend/vendor/laravel/framework/src/Illuminate/Container/BoundMethod.php(36): Illuminate\\Database\\Console\\Migrations\\MigrateCommand->handle()
#23 /Users/alimadhoun/Desktop/GraduationProject/backend/vendor/laravel/framework/src/Illuminate/Container/Util.php(43): Illuminate\\Container\\BoundMethod::{closure:Illuminate\\Container\\BoundMethod::call():35}()
#24 /Users/alimadhoun/Desktop/GraduationProject/backend/vendor/laravel/framework/src/Illuminate/Container/BoundMethod.php(96): Illuminate\\Container\\Util::unwrapIfClosure(Object(Closure))
#25 /Users/alimadhoun/Desktop/GraduationProject/backend/vendor/laravel/framework/src/Illuminate/Container/BoundMethod.php(35): Illuminate\\Container\\BoundMethod::callBoundMethod(Object(Illuminate\\Foundation\\Application), Array, Object(Closure))
#26 /Users/alimadhoun/Desktop/GraduationProject/backend/vendor/laravel/framework/src/Illuminate/Container/Container.php(754): Illuminate\\Container\\BoundMethod::call(Object(Illuminate\\Foundation\\Application), Array, Array, NULL)
#27 /Users/alimadhoun/Desktop/GraduationProject/backend/vendor/laravel/framework/src/Illuminate/Console/Command.php(211): Illuminate\\Container\\Container->call(Array)
#28 /Users/alimadhoun/Desktop/GraduationProject/backend/vendor/symfony/console/Command/Command.php(279): Illuminate\\Console\\Command->execute(Object(Symfony\\Component\\Console\\Input\\ArrayInput), Object(Illuminate\\Console\\OutputStyle))
#29 /Users/alimadhoun/Desktop/GraduationProject/backend/vendor/laravel/framework/src/Illuminate/Console/Command.php(180): Symfony\\Component\\Console\\Command\\Command->run(Object(Symfony\\Component\\Console\\Input\\ArrayInput), Object(Illuminate\\Console\\OutputStyle))
#30 /Users/alimadhoun/Desktop/GraduationProject/backend/vendor/laravel/framework/src/Illuminate/Console/Concerns/CallsCommands.php(68): Illuminate\\Console\\Command->run(Object(Symfony\\Component\\Console\\Input\\ArrayInput), Object(Illuminate\\Console\\OutputStyle))
#31 /Users/alimadhoun/Desktop/GraduationProject/backend/vendor/laravel/framework/src/Illuminate/Console/Concerns/CallsCommands.php(29): Illuminate\\Console\\Command->runCommand('migrate', Array, Object(Illuminate\\Console\\OutputStyle))
#32 /Users/alimadhoun/Desktop/GraduationProject/backend/vendor/laravel/framework/src/Illuminate/Database/Console/Migrations/RefreshCommand.php(65): Illuminate\\Console\\Command->call('migrate', Array)
#33 /Users/alimadhoun/Desktop/GraduationProject/backend/vendor/laravel/framework/src/Illuminate/Container/BoundMethod.php(36): Illuminate\\Database\\Console\\Migrations\\RefreshCommand->handle()
#34 /Users/alimadhoun/Desktop/GraduationProject/backend/vendor/laravel/framework/src/Illuminate/Container/Util.php(43): Illuminate\\Container\\BoundMethod::{closure:Illuminate\\Container\\BoundMethod::call():35}()
#35 /Users/alimadhoun/Desktop/GraduationProject/backend/vendor/laravel/framework/src/Illuminate/Container/BoundMethod.php(96): Illuminate\\Container\\Util::unwrapIfClosure(Object(Closure))
#36 /Users/alimadhoun/Desktop/GraduationProject/backend/vendor/laravel/framework/src/Illuminate/Container/BoundMethod.php(35): Illuminate\\Container\\BoundMethod::callBoundMethod(Object(Illuminate\\Foundation\\Application), Array, Object(Closure))
#37 /Users/alimadhoun/Desktop/GraduationProject/backend/vendor/laravel/framework/src/Illuminate/Container/Container.php(754): Illuminate\\Container\\BoundMethod::call(Object(Illuminate\\Foundation\\Application), Array, Array, NULL)
#38 /Users/alimadhoun/Desktop/GraduationProject/backend/vendor/laravel/framework/src/Illuminate/Console/Command.php(211): Illuminate\\Container\\Container->call(Array)
#39 /Users/alimadhoun/Desktop/GraduationProject/backend/vendor/symfony/console/Command/Command.php(279): Illuminate\\Console\\Command->execute(Object(Symfony\\Component\\Console\\Input\\ArgvInput), Object(Illuminate\\Console\\OutputStyle))
#40 /Users/alimadhoun/Desktop/GraduationProject/backend/vendor/laravel/framework/src/Illuminate/Console/Command.php(180): Symfony\\Component\\Console\\Command\\Command->run(Object(Symfony\\Component\\Console\\Input\\ArgvInput), Object(Illuminate\\Console\\OutputStyle))
#41 /Users/alimadhoun/Desktop/GraduationProject/backend/vendor/symfony/console/Application.php(1094): Illuminate\\Console\\Command->run(Object(Symfony\\Component\\Console\\Input\\ArgvInput), Object(Symfony\\Component\\Console\\Output\\ConsoleOutput))
#42 /Users/alimadhoun/Desktop/GraduationProject/backend/vendor/symfony/console/Application.php(342): Symfony\\Component\\Console\\Application->doRunCommand(Object(Illuminate\\Database\\Console\\Migrations\\RefreshCommand), Object(Symfony\\Component\\Console\\Input\\ArgvInput), Object(Symfony\\Component\\Console\\Output\\ConsoleOutput))
#43 /Users/alimadhoun/Desktop/GraduationProject/backend/vendor/symfony/console/Application.php(193): Symfony\\Component\\Console\\Application->doRun(Object(Symfony\\Component\\Console\\Input\\ArgvInput), Object(Symfony\\Component\\Console\\Output\\ConsoleOutput))
#44 /Users/alimadhoun/Desktop/GraduationProject/backend/vendor/laravel/framework/src/Illuminate/Foundation/Console/Kernel.php(197): Symfony\\Component\\Console\\Application->run(Object(Symfony\\Component\\Console\\Input\\ArgvInput), Object(Symfony\\Component\\Console\\Output\\ConsoleOutput))
#45 /Users/alimadhoun/Desktop/GraduationProject/backend/vendor/laravel/framework/src/Illuminate/Foundation/Application.php(1234): Illuminate\\Foundation\\Console\\Kernel->handle(Object(Symfony\\Component\\Console\\Input\\ArgvInput), Object(Symfony\\Component\\Console\\Output\\ConsoleOutput))
#46 /Users/alimadhoun/Desktop/GraduationProject/backend/artisan(16): Illuminate\\Foundation\\Application->handleCommand(Object(Symfony\\Component\\Console\\Input\\ArgvInput))
#47 {main}
"} 
[2025-05-03 12:00:04] local.ERROR: Command "db:table-drop" is not defined.

Did you mean one of these?
    db
    db:monitor
    db:seed
    db:show
    db:table
    db:wipe {"exception":"[object] (Symfony\\Component\\Console\\Exception\\CommandNotFoundException(code: 0): Command \"db:table-drop\" is not defined.

Did you mean one of these?
    db
    db:monitor
    db:seed
    db:show
    db:table
    db:wipe at /Users/alimadhoun/Desktop/GraduationProject/backend/vendor/symfony/console/Application.php:726)
[stacktrace]
#0 /Users/alimadhoun/Desktop/GraduationProject/backend/vendor/symfony/console/Application.php(284): Symfony\\Component\\Console\\Application->find('db:table-drop')
#1 /Users/alimadhoun/Desktop/GraduationProject/backend/vendor/symfony/console/Application.php(193): Symfony\\Component\\Console\\Application->doRun(Object(Symfony\\Component\\Console\\Input\\ArgvInput), Object(Symfony\\Component\\Console\\Output\\ConsoleOutput))
#2 /Users/alimadhoun/Desktop/GraduationProject/backend/vendor/laravel/framework/src/Illuminate/Foundation/Console/Kernel.php(197): Symfony\\Component\\Console\\Application->run(Object(Symfony\\Component\\Console\\Input\\ArgvInput), Object(Symfony\\Component\\Console\\Output\\ConsoleOutput))
#3 /Users/alimadhoun/Desktop/GraduationProject/backend/vendor/laravel/framework/src/Illuminate/Foundation/Application.php(1234): Illuminate\\Foundation\\Console\\Kernel->handle(Object(Symfony\\Component\\Console\\Input\\ArgvInput), Object(Symfony\\Component\\Console\\Output\\ConsoleOutput))
#4 /Users/alimadhoun/Desktop/GraduationProject/backend/artisan(16): Illuminate\\Foundation\\Application->handleCommand(Object(Symfony\\Component\\Console\\Input\\ArgvInput))
#5 {main}
"} 
[2025-05-03 12:00:22] local.ERROR: SQLSTATE[42S01]: Base table or view already exists: 1050 Table 'feedback_aspect_ratings' already exists (Connection: mysql, SQL: create table `feedback_aspect_ratings` (`id` bigint unsigned not null auto_increment primary key, `feedback_id` bigint unsigned not null, `aspect_id` bigint unsigned not null, `rating` int not null comment 'Rating value from 1 to 5', `created_at` timestamp null, `updated_at` timestamp null) default character set utf8mb4 collate 'utf8mb4_unicode_ci') {"exception":"[object] (Illuminate\\Database\\QueryException(code: 42S01): SQLSTATE[42S01]: Base table or view already exists: 1050 Table 'feedback_aspect_ratings' already exists (Connection: mysql, SQL: create table `feedback_aspect_ratings` (`id` bigint unsigned not null auto_increment primary key, `feedback_id` bigint unsigned not null, `aspect_id` bigint unsigned not null, `rating` int not null comment 'Rating value from 1 to 5', `created_at` timestamp null, `updated_at` timestamp null) default character set utf8mb4 collate 'utf8mb4_unicode_ci') at /Users/alimadhoun/Desktop/GraduationProject/backend/vendor/laravel/framework/src/Illuminate/Database/Connection.php:822)
[stacktrace]
#0 /Users/alimadhoun/Desktop/GraduationProject/backend/vendor/laravel/framework/src/Illuminate/Database/Connection.php(776): Illuminate\\Database\\Connection->runQueryCallback('create table `f...', Array, Object(Closure))
#1 /Users/alimadhoun/Desktop/GraduationProject/backend/vendor/laravel/framework/src/Illuminate/Database/Connection.php(557): Illuminate\\Database\\Connection->run('create table `f...', Array, Object(Closure))
#2 /Users/alimadhoun/Desktop/GraduationProject/backend/vendor/laravel/framework/src/Illuminate/Database/Schema/Blueprint.php(119): Illuminate\\Database\\Connection->statement('create table `f...')
#3 /Users/alimadhoun/Desktop/GraduationProject/backend/vendor/laravel/framework/src/Illuminate/Database/Schema/Builder.php(618): Illuminate\\Database\\Schema\\Blueprint->build()
#4 /Users/alimadhoun/Desktop/GraduationProject/backend/vendor/laravel/framework/src/Illuminate/Database/Schema/Builder.php(472): Illuminate\\Database\\Schema\\Builder->build(Object(Illuminate\\Database\\Schema\\Blueprint))
#5 /Users/alimadhoun/Desktop/GraduationProject/backend/vendor/laravel/framework/src/Illuminate/Support/Facades/Facade.php(361): Illuminate\\Database\\Schema\\Builder->create('feedback_aspect...', Object(Closure))
#6 /Users/alimadhoun/Desktop/GraduationProject/backend/database/migrations/2024_06_01_000000_create_feedback_aspect_ratings_table.php(14): Illuminate\\Support\\Facades\\Facade::__callStatic('create', Array)
#7 /Users/alimadhoun/Desktop/GraduationProject/backend/vendor/laravel/framework/src/Illuminate/Database/Migrations/Migrator.php(514): Illuminate\\Database\\Migrations\\Migration@anonymous->up()
#8 /Users/alimadhoun/Desktop/GraduationProject/backend/vendor/laravel/framework/src/Illuminate/Database/Migrations/Migrator.php(439): Illuminate\\Database\\Migrations\\Migrator->runMethod(Object(Illuminate\\Database\\MySqlConnection), Object(Illuminate\\Database\\Migrations\\Migration@anonymous), 'up')
#9 /Users/alimadhoun/Desktop/GraduationProject/backend/vendor/laravel/framework/src/Illuminate/Database/Migrations/Migrator.php(448): Illuminate\\Database\\Migrations\\Migrator->{closure:Illuminate\\Database\\Migrations\\Migrator::runMigration():435}()
#10 /Users/alimadhoun/Desktop/GraduationProject/backend/vendor/laravel/framework/src/Illuminate/Database/Migrations/Migrator.php(250): Illuminate\\Database\\Migrations\\Migrator->runMigration(Object(Illuminate\\Database\\Migrations\\Migration@anonymous), 'up')
#11 /Users/alimadhoun/Desktop/GraduationProject/backend/vendor/laravel/framework/src/Illuminate/Console/View/Components/Task.php(41): Illuminate\\Database\\Migrations\\Migrator->{closure:Illuminate\\Database\\Migrations\\Migrator::runUp():250}()
#12 /Users/alimadhoun/Desktop/GraduationProject/backend/vendor/laravel/framework/src/Illuminate/Database/Migrations/Migrator.php(805): Illuminate\\Console\\View\\Components\\Task->render('2024_06_01_0000...', Object(Closure))
#13 /Users/alimadhoun/Desktop/GraduationProject/backend/vendor/laravel/framework/src/Illuminate/Database/Migrations/Migrator.php(250): Illuminate\\Database\\Migrations\\Migrator->write('Illuminate\\\\Cons...', '2024_06_01_0000...', Object(Closure))
#14 /Users/alimadhoun/Desktop/GraduationProject/backend/vendor/laravel/framework/src/Illuminate/Database/Migrations/Migrator.php(210): Illuminate\\Database\\Migrations\\Migrator->runUp('/Users/alimadho...', 5, false)
#15 /Users/alimadhoun/Desktop/GraduationProject/backend/vendor/laravel/framework/src/Illuminate/Database/Migrations/Migrator.php(137): Illuminate\\Database\\Migrations\\Migrator->runPending(Array, Array)
#16 /Users/alimadhoun/Desktop/GraduationProject/backend/vendor/laravel/framework/src/Illuminate/Database/Console/Migrations/MigrateCommand.php(116): Illuminate\\Database\\Migrations\\Migrator->run(Array, Array)
#17 /Users/alimadhoun/Desktop/GraduationProject/backend/vendor/laravel/framework/src/Illuminate/Database/Migrations/Migrator.php(665): Illuminate\\Database\\Console\\Migrations\\MigrateCommand->{closure:Illuminate\\Database\\Console\\Migrations\\MigrateCommand::runMigrations():109}()
#18 /Users/alimadhoun/Desktop/GraduationProject/backend/vendor/laravel/framework/src/Illuminate/Database/Console/Migrations/MigrateCommand.php(109): Illuminate\\Database\\Migrations\\Migrator->usingConnection(NULL, Object(Closure))
#19 /Users/alimadhoun/Desktop/GraduationProject/backend/vendor/laravel/framework/src/Illuminate/Database/Console/Migrations/MigrateCommand.php(88): Illuminate\\Database\\Console\\Migrations\\MigrateCommand->runMigrations()
#20 /Users/alimadhoun/Desktop/GraduationProject/backend/vendor/laravel/framework/src/Illuminate/Container/BoundMethod.php(36): Illuminate\\Database\\Console\\Migrations\\MigrateCommand->handle()
#21 /Users/alimadhoun/Desktop/GraduationProject/backend/vendor/laravel/framework/src/Illuminate/Container/Util.php(43): Illuminate\\Container\\BoundMethod::{closure:Illuminate\\Container\\BoundMethod::call():35}()
#22 /Users/alimadhoun/Desktop/GraduationProject/backend/vendor/laravel/framework/src/Illuminate/Container/BoundMethod.php(96): Illuminate\\Container\\Util::unwrapIfClosure(Object(Closure))
#23 /Users/alimadhoun/Desktop/GraduationProject/backend/vendor/laravel/framework/src/Illuminate/Container/BoundMethod.php(35): Illuminate\\Container\\BoundMethod::callBoundMethod(Object(Illuminate\\Foundation\\Application), Array, Object(Closure))
#24 /Users/alimadhoun/Desktop/GraduationProject/backend/vendor/laravel/framework/src/Illuminate/Container/Container.php(754): Illuminate\\Container\\BoundMethod::call(Object(Illuminate\\Foundation\\Application), Array, Array, NULL)
#25 /Users/alimadhoun/Desktop/GraduationProject/backend/vendor/laravel/framework/src/Illuminate/Console/Command.php(211): Illuminate\\Container\\Container->call(Array)
#26 /Users/alimadhoun/Desktop/GraduationProject/backend/vendor/symfony/console/Command/Command.php(279): Illuminate\\Console\\Command->execute(Object(Symfony\\Component\\Console\\Input\\ArgvInput), Object(Illuminate\\Console\\OutputStyle))
#27 /Users/alimadhoun/Desktop/GraduationProject/backend/vendor/laravel/framework/src/Illuminate/Console/Command.php(180): Symfony\\Component\\Console\\Command\\Command->run(Object(Symfony\\Component\\Console\\Input\\ArgvInput), Object(Illuminate\\Console\\OutputStyle))
#28 /Users/alimadhoun/Desktop/GraduationProject/backend/vendor/symfony/console/Application.php(1094): Illuminate\\Console\\Command->run(Object(Symfony\\Component\\Console\\Input\\ArgvInput), Object(Symfony\\Component\\Console\\Output\\ConsoleOutput))
#29 /Users/alimadhoun/Desktop/GraduationProject/backend/vendor/symfony/console/Application.php(342): Symfony\\Component\\Console\\Application->doRunCommand(Object(Illuminate\\Database\\Console\\Migrations\\MigrateCommand), Object(Symfony\\Component\\Console\\Input\\ArgvInput), Object(Symfony\\Component\\Console\\Output\\ConsoleOutput))
#30 /Users/alimadhoun/Desktop/GraduationProject/backend/vendor/symfony/console/Application.php(193): Symfony\\Component\\Console\\Application->doRun(Object(Symfony\\Component\\Console\\Input\\ArgvInput), Object(Symfony\\Component\\Console\\Output\\ConsoleOutput))
#31 /Users/alimadhoun/Desktop/GraduationProject/backend/vendor/laravel/framework/src/Illuminate/Foundation/Console/Kernel.php(197): Symfony\\Component\\Console\\Application->run(Object(Symfony\\Component\\Console\\Input\\ArgvInput), Object(Symfony\\Component\\Console\\Output\\ConsoleOutput))
#32 /Users/alimadhoun/Desktop/GraduationProject/backend/vendor/laravel/framework/src/Illuminate/Foundation/Application.php(1234): Illuminate\\Foundation\\Console\\Kernel->handle(Object(Symfony\\Component\\Console\\Input\\ArgvInput), Object(Symfony\\Component\\Console\\Output\\ConsoleOutput))
#33 /Users/alimadhoun/Desktop/GraduationProject/backend/artisan(16): Illuminate\\Foundation\\Application->handleCommand(Object(Symfony\\Component\\Console\\Input\\ArgvInput))
#34 {main}

[previous exception] [object] (PDOException(code: 42S01): SQLSTATE[42S01]: Base table or view already exists: 1050 Table 'feedback_aspect_ratings' already exists at /Users/alimadhoun/Desktop/GraduationProject/backend/vendor/laravel/framework/src/Illuminate/Database/Connection.php:568)
[stacktrace]
#0 /Users/alimadhoun/Desktop/GraduationProject/backend/vendor/laravel/framework/src/Illuminate/Database/Connection.php(568): PDOStatement->execute()
#1 /Users/alimadhoun/Desktop/GraduationProject/backend/vendor/laravel/framework/src/Illuminate/Database/Connection.php(809): Illuminate\\Database\\Connection->{closure:Illuminate\\Database\\Connection::statement():557}('create table `f...', Array)
#2 /Users/alimadhoun/Desktop/GraduationProject/backend/vendor/laravel/framework/src/Illuminate/Database/Connection.php(776): Illuminate\\Database\\Connection->runQueryCallback('create table `f...', Array, Object(Closure))
#3 /Users/alimadhoun/Desktop/GraduationProject/backend/vendor/laravel/framework/src/Illuminate/Database/Connection.php(557): Illuminate\\Database\\Connection->run('create table `f...', Array, Object(Closure))
#4 /Users/alimadhoun/Desktop/GraduationProject/backend/vendor/laravel/framework/src/Illuminate/Database/Schema/Blueprint.php(119): Illuminate\\Database\\Connection->statement('create table `f...')
#5 /Users/alimadhoun/Desktop/GraduationProject/backend/vendor/laravel/framework/src/Illuminate/Database/Schema/Builder.php(618): Illuminate\\Database\\Schema\\Blueprint->build()
#6 /Users/alimadhoun/Desktop/GraduationProject/backend/vendor/laravel/framework/src/Illuminate/Database/Schema/Builder.php(472): Illuminate\\Database\\Schema\\Builder->build(Object(Illuminate\\Database\\Schema\\Blueprint))
#7 /Users/alimadhoun/Desktop/GraduationProject/backend/vendor/laravel/framework/src/Illuminate/Support/Facades/Facade.php(361): Illuminate\\Database\\Schema\\Builder->create('feedback_aspect...', Object(Closure))
#8 /Users/alimadhoun/Desktop/GraduationProject/backend/database/migrations/2024_06_01_000000_create_feedback_aspect_ratings_table.php(14): Illuminate\\Support\\Facades\\Facade::__callStatic('create', Array)
#9 /Users/alimadhoun/Desktop/GraduationProject/backend/vendor/laravel/framework/src/Illuminate/Database/Migrations/Migrator.php(514): Illuminate\\Database\\Migrations\\Migration@anonymous->up()
#10 /Users/alimadhoun/Desktop/GraduationProject/backend/vendor/laravel/framework/src/Illuminate/Database/Migrations/Migrator.php(439): Illuminate\\Database\\Migrations\\Migrator->runMethod(Object(Illuminate\\Database\\MySqlConnection), Object(Illuminate\\Database\\Migrations\\Migration@anonymous), 'up')
#11 /Users/alimadhoun/Desktop/GraduationProject/backend/vendor/laravel/framework/src/Illuminate/Database/Migrations/Migrator.php(448): Illuminate\\Database\\Migrations\\Migrator->{closure:Illuminate\\Database\\Migrations\\Migrator::runMigration():435}()
#12 /Users/alimadhoun/Desktop/GraduationProject/backend/vendor/laravel/framework/src/Illuminate/Database/Migrations/Migrator.php(250): Illuminate\\Database\\Migrations\\Migrator->runMigration(Object(Illuminate\\Database\\Migrations\\Migration@anonymous), 'up')
#13 /Users/alimadhoun/Desktop/GraduationProject/backend/vendor/laravel/framework/src/Illuminate/Console/View/Components/Task.php(41): Illuminate\\Database\\Migrations\\Migrator->{closure:Illuminate\\Database\\Migrations\\Migrator::runUp():250}()
#14 /Users/alimadhoun/Desktop/GraduationProject/backend/vendor/laravel/framework/src/Illuminate/Database/Migrations/Migrator.php(805): Illuminate\\Console\\View\\Components\\Task->render('2024_06_01_0000...', Object(Closure))
#15 /Users/alimadhoun/Desktop/GraduationProject/backend/vendor/laravel/framework/src/Illuminate/Database/Migrations/Migrator.php(250): Illuminate\\Database\\Migrations\\Migrator->write('Illuminate\\\\Cons...', '2024_06_01_0000...', Object(Closure))
#16 /Users/alimadhoun/Desktop/GraduationProject/backend/vendor/laravel/framework/src/Illuminate/Database/Migrations/Migrator.php(210): Illuminate\\Database\\Migrations\\Migrator->runUp('/Users/alimadho...', 5, false)
#17 /Users/alimadhoun/Desktop/GraduationProject/backend/vendor/laravel/framework/src/Illuminate/Database/Migrations/Migrator.php(137): Illuminate\\Database\\Migrations\\Migrator->runPending(Array, Array)
#18 /Users/alimadhoun/Desktop/GraduationProject/backend/vendor/laravel/framework/src/Illuminate/Database/Console/Migrations/MigrateCommand.php(116): Illuminate\\Database\\Migrations\\Migrator->run(Array, Array)
#19 /Users/alimadhoun/Desktop/GraduationProject/backend/vendor/laravel/framework/src/Illuminate/Database/Migrations/Migrator.php(665): Illuminate\\Database\\Console\\Migrations\\MigrateCommand->{closure:Illuminate\\Database\\Console\\Migrations\\MigrateCommand::runMigrations():109}()
#20 /Users/alimadhoun/Desktop/GraduationProject/backend/vendor/laravel/framework/src/Illuminate/Database/Console/Migrations/MigrateCommand.php(109): Illuminate\\Database\\Migrations\\Migrator->usingConnection(NULL, Object(Closure))
#21 /Users/alimadhoun/Desktop/GraduationProject/backend/vendor/laravel/framework/src/Illuminate/Database/Console/Migrations/MigrateCommand.php(88): Illuminate\\Database\\Console\\Migrations\\MigrateCommand->runMigrations()
#22 /Users/alimadhoun/Desktop/GraduationProject/backend/vendor/laravel/framework/src/Illuminate/Container/BoundMethod.php(36): Illuminate\\Database\\Console\\Migrations\\MigrateCommand->handle()
#23 /Users/alimadhoun/Desktop/GraduationProject/backend/vendor/laravel/framework/src/Illuminate/Container/Util.php(43): Illuminate\\Container\\BoundMethod::{closure:Illuminate\\Container\\BoundMethod::call():35}()
#24 /Users/alimadhoun/Desktop/GraduationProject/backend/vendor/laravel/framework/src/Illuminate/Container/BoundMethod.php(96): Illuminate\\Container\\Util::unwrapIfClosure(Object(Closure))
#25 /Users/alimadhoun/Desktop/GraduationProject/backend/vendor/laravel/framework/src/Illuminate/Container/BoundMethod.php(35): Illuminate\\Container\\BoundMethod::callBoundMethod(Object(Illuminate\\Foundation\\Application), Array, Object(Closure))
#26 /Users/alimadhoun/Desktop/GraduationProject/backend/vendor/laravel/framework/src/Illuminate/Container/Container.php(754): Illuminate\\Container\\BoundMethod::call(Object(Illuminate\\Foundation\\Application), Array, Array, NULL)
#27 /Users/alimadhoun/Desktop/GraduationProject/backend/vendor/laravel/framework/src/Illuminate/Console/Command.php(211): Illuminate\\Container\\Container->call(Array)
#28 /Users/alimadhoun/Desktop/GraduationProject/backend/vendor/symfony/console/Command/Command.php(279): Illuminate\\Console\\Command->execute(Object(Symfony\\Component\\Console\\Input\\ArgvInput), Object(Illuminate\\Console\\OutputStyle))
#29 /Users/alimadhoun/Desktop/GraduationProject/backend/vendor/laravel/framework/src/Illuminate/Console/Command.php(180): Symfony\\Component\\Console\\Command\\Command->run(Object(Symfony\\Component\\Console\\Input\\ArgvInput), Object(Illuminate\\Console\\OutputStyle))
#30 /Users/alimadhoun/Desktop/GraduationProject/backend/vendor/symfony/console/Application.php(1094): Illuminate\\Console\\Command->run(Object(Symfony\\Component\\Console\\Input\\ArgvInput), Object(Symfony\\Component\\Console\\Output\\ConsoleOutput))
#31 /Users/alimadhoun/Desktop/GraduationProject/backend/vendor/symfony/console/Application.php(342): Symfony\\Component\\Console\\Application->doRunCommand(Object(Illuminate\\Database\\Console\\Migrations\\MigrateCommand), Object(Symfony\\Component\\Console\\Input\\ArgvInput), Object(Symfony\\Component\\Console\\Output\\ConsoleOutput))
#32 /Users/alimadhoun/Desktop/GraduationProject/backend/vendor/symfony/console/Application.php(193): Symfony\\Component\\Console\\Application->doRun(Object(Symfony\\Component\\Console\\Input\\ArgvInput), Object(Symfony\\Component\\Console\\Output\\ConsoleOutput))
#33 /Users/alimadhoun/Desktop/GraduationProject/backend/vendor/laravel/framework/src/Illuminate/Foundation/Console/Kernel.php(197): Symfony\\Component\\Console\\Application->run(Object(Symfony\\Component\\Console\\Input\\ArgvInput), Object(Symfony\\Component\\Console\\Output\\ConsoleOutput))
#34 /Users/alimadhoun/Desktop/GraduationProject/backend/vendor/laravel/framework/src/Illuminate/Foundation/Application.php(1234): Illuminate\\Foundation\\Console\\Kernel->handle(Object(Symfony\\Component\\Console\\Input\\ArgvInput), Object(Symfony\\Component\\Console\\Output\\ConsoleOutput))
#35 /Users/alimadhoun/Desktop/GraduationProject/backend/artisan(16): Illuminate\\Foundation\\Application->handleCommand(Object(Symfony\\Component\\Console\\Input\\ArgvInput))
#36 {main}
"} 
